1X,1Y,2X,2Y,3X,3Y,4X,4Y,5X,5Y,6X,6Y,7X,7Y,8X,8Y,9X,9Y,10X,10Y,11X,11Y,12X,12Y,13X,13Y,14X,14Y,15X,15Y,16X,16Y,17X,17Y,18X,18Y,19X,19Y,20X,20Y,21X,21Y,22X,22Y,23X,23Y,24X,24Y,25X,25Y,26X,26Y,27X,27Y,28X,28Y,29X,29Y,30X,30Y,31X,31Y,32X,32Y,33X,33Y,34X,34Y,35X,35Y,36X,36Y,37X,37Y,38X,38Y,39X,39Y,40X,40Y,41X,41Y,42X,42Y,43X,43Y,44X,44Y,45X,45Y,46X,46Y,47X,47Y,48X,48Y,49X,49Y,50X,50Y,51X,51Y,52X,52Y,53X,53Y,54X,54Y,55X,55Y,56X,56Y,57X,57Y,58X,58Y,59X,59Y,60X,60Y,61X,61Y,62X,62Y,63X,63Y,64X,64Y,65X,65Y,66X,66Y,67X,67Y,68X,68Y,emotion,intensity,statement,actor,1A,2A,3A,4A,5A,6A,7A,8A,9A,10A,11A,12A,13A,14A,15A,16A,17A,18A,19A,20A,mean_MFCC
141,109,142,123,145,136,148,149,153,162,161,174,173,183,187,190,202,192,216,190,230,183,242,174,251,163,255,149,257,136,259,122,260,108,153,98,159,90,169,86,180,85,190,88,209,88,220,85,231,84,241,88,248,95,200,99,200,108,200,116,200,124,190,134,195,136,200,137,205,135,210,134,166,103,172,99,179,99,185,103,179,104,172,105,215,103,222,99,229,98,235,102,229,104,222,104,180,154,188,148,195,145,201,146,206,145,214,148,222,154,214,159,207,161,201,161,195,161,188,159,184,154,195,152,201,152,206,152,218,154,206,153,201,153,196,153,2,2,1,22,-1131.3729,0.0,0.0,0.0,0.0,0.0,0.0,0.0,0.0,0.0,0.0,0.0,0.0,0.0,0.0,0.0,0.0,0.0,0.0,0.0,-56.56864624023437
141,109,142,122,145,135,148,149,153,162,161,173,173,182,186,190,201,193,216,190,230,183,242,174,250,163,255,149,257,136,259,122,260,108,154,98,160,90,169,86,180,85,190,88,209,88,220,85,231,84,241,88,248,95,200,99,200,108,200,116,200,125,190,134,195,136,200,137,205,136,210,134,165,103,172,99,179,99,186,103,179,104,172,105,215,103,222,98,229,98,235,102,229,104,222,104,181,154,188,148,195,145,200,146,206,145,214,148,222,154,215,159,207,161,201,161,195,161,188,158,184,154,195,152,201,152,206,152,219,154,206,153,201,153,195,153,2,2,1,22,-1131.3729,0.0,0.0,0.0,0.0,0.0,0.0,0.0,0.0,0.0,0.0,0.0,0.0,0.0,0.0,0.0,0.0,0.0,0.0,0.0,-56.56864624023437
141,109,142,123,145,136,148,150,153,163,161,174,173,183,187,190,202,193,217,190,231,184,242,175,251,163,255,150,257,136,259,123,260,109,153,98,160,90,169,85,180,85,191,88,209,88,220,85,231,84,241,88,248,96,200,99,200,108,200,116,200,125,190,134,195,136,200,137,205,135,210,134,166,103,172,99,179,99,185,103,179,104,172,105,215,103,222,99,229,99,235,102,229,104,222,104,181,154,188,148,195,145,200,146,205,145,214,148,222,154,214,159,207,161,201,161,196,161,188,159,184,154,195,152,200,152,206,152,218,154,206,153,201,153,196,153,2,2,1,22,-1131.3729,0.0,0.0,0.0,0.0,0.0,0.0,0.0,0.0,0.0,0.0,0.0,0.0,0.0,0.0,0.0,0.0,0.0,0.0,0.0,-56.56864624023437
141,109,142,123,145,136,148,150,153,163,162,174,173,183,187,190,202,192,217,190,231,183,243,174,251,163,255,149,258,135,260,122,260,107,154,97,160,89,169,85,180,85,190,87,209,88,220,85,231,84,241,88,248,95,200,99,200,108,200,116,200,124,190,134,195,136,201,137,206,135,210,134,165,103,172,99,179,99,186,103,179,104,172,105,215,102,222,98,229,99,235,102,229,104,222,104,181,154,188,148,196,145,201,146,206,145,214,148,222,154,214,158,207,160,201,161,196,160,189,158,185,154,196,152,201,152,206,152,218,154,206,152,201,153,196,152,2,2,1,22,-1131.3729,0.0,0.0,0.0,0.0,0.0,0.0,0.0,0.0,0.0,0.0,0.0,0.0,0.0,0.0,0.0,0.0,0.0,0.0,0.0,-56.56864624023437
141,109,142,123,144,137,148,150,153,163,162,174,174,183,187,190,202,193,217,190,230,183,243,174,251,163,255,149,258,135,259,121,260,107,153,97,160,90,169,85,180,85,190,87,209,87,220,84,231,84,241,88,248,95,200,99,200,108,200,116,200,124,191,134,195,135,200,137,205,135,210,134,165,103,171,99,179,99,185,103,179,105,171,105,215,103,222,98,229,98,235,102,229,104,222,104,181,154,188,148,196,144,201,146,206,144,214,148,222,154,214,159,207,161,201,161,196,161,189,158,185,154,196,152,201,152,206,152,218,154,206,153,201,153,196,153,2,2,1,22,-1131.3729,0.0,0.0,0.0,0.0,0.0,0.0,0.0,0.0,0.0,0.0,0.0,0.0,0.0,0.0,0.0,0.0,0.0,0.0,0.0,-56.56864624023437
141,109,142,123,145,137,148,150,153,163,162,174,173,183,187,190,202,193,217,190,230,184,242,174,250,163,255,149,257,135,259,121,260,107,153,98,159,90,169,86,179,85,190,87,209,88,220,84,230,84,241,88,248,95,200,99,200,108,200,116,200,125,190,134,195,135,200,137,205,135,210,134,165,103,171,99,179,99,185,103,179,104,172,105,215,102,221,98,229,98,235,102,229,104,222,104,181,154,188,148,196,145,201,146,207,145,215,148,222,154,215,158,207,160,201,161,196,160,188,158,184,154,196,152,201,152,207,152,219,154,207,152,201,153,196,152,2,2,1,22,-1131.3729,0.0,0.0,0.0,0.0,0.0,0.0,0.0,0.0,0.0,0.0,0.0,0.0,0.0,0.0,0.0,0.0,0.0,0.0,0.0,-56.56864624023437
141,109,142,123,145,136,148,150,153,163,161,174,174,183,187,190,202,193,217,190,231,183,243,174,251,162,255,149,257,135,259,121,260,107,153,98,159,90,169,85,180,85,190,88,209,88,220,84,231,84,241,88,248,95,200,99,200,107,200,115,200,124,190,134,195,135,200,137,206,135,210,134,165,103,171,99,178,99,185,103,179,104,171,105,215,102,222,98,229,98,235,102,229,104,222,104,181,154,188,148,196,145,201,146,206,145,214,148,222,154,214,159,207,160,201,161,196,160,189,158,184,154,196,152,201,152,206,152,218,154,206,153,201,153,196,152,2,2,1,22,-1131.3729,0.0,0.0,0.0,0.0,0.0,0.0,0.0,0.0,0.0,0.0,0.0,0.0,0.0,0.0,0.0,0.0,0.0,0.0,0.0,-56.56864624023437
141,110,142,124,144,137,148,150,153,163,161,174,173,183,187,190,202,193,217,190,230,183,242,174,250,163,254,149,257,135,259,121,259,107,153,98,159,90,169,86,179,85,190,87,209,87,219,84,230,84,240,88,247,95,200,99,200,107,200,116,200,124,190,134,195,135,200,136,205,135,210,134,165,103,171,99,178,99,185,103,178,104,171,105,215,102,221,98,229,99,235,102,229,104,222,104,181,154,188,148,196,145,201,146,206,145,214,148,222,154,214,158,207,161,201,161,195,161,188,159,184,154,196,152,201,152,206,152,218,154,206,153,201,153,196,153,2,2,1,22,-1131.3729,0.0,0.0,0.0,0.0,0.0,0.0,0.0,0.0,0.0,0.0,0.0,0.0,0.0,0.0,0.0,0.0,0.0,0.0,0.0,-56.56864624023437
141,109,142,123,145,136,148,150,153,163,161,174,173,183,186,191,201,193,216,190,230,184,242,175,250,163,254,150,257,136,259,122,260,108,153,98,159,90,169,86,179,85,190,87,209,87,219,84,230,84,240,88,247,95,200,99,200,108,200,116,200,124,190,134,195,135,200,136,205,135,210,134,165,103,171,99,178,99,185,103,178,104,171,105,215,103,221,98,228,98,235,102,229,104,222,104,181,154,188,148,196,144,200,146,205,144,213,148,221,154,214,159,206,161,201,161,196,161,189,159,184,154,196,152,200,152,205,151,217,154,205,153,201,154,196,153,2,2,1,22,-1131.3729,0.0,0.0,0.0,0.0,0.0,0.0,0.0,0.0,0.0,0.0,0.0,0.0,0.0,0.0,0.0,0.0,0.0,0.0,0.0,-56.56864624023437
141,109,142,122,144,136,148,149,152,163,161,174,173,183,186,190,201,193,216,190,230,184,241,175,250,163,254,150,257,136,259,122,260,108,153,98,159,90,168,86,179,85,190,87,208,87,219,84,230,84,240,88,247,95,199,99,199,108,199,116,199,124,189,134,194,135,200,137,205,135,210,134,165,103,171,99,178,99,185,103,178,104,171,105,215,102,221,98,228,98,235,102,229,104,222,104,180,155,187,148,195,145,200,146,205,145,213,148,221,154,213,159,206,161,200,161,195,161,188,159,184,154,195,152,200,152,205,152,217,154,205,153,200,153,195,153,2,2,1,22,-1131.3729,0.0,0.0,0.0,0.0,0.0,0.0,0.0,0.0,0.0,0.0,0.0,0.0,0.0,0.0,0.0,0.0,0.0,0.0,0.0,-56.56864624023437
141,110,142,124,145,137,148,150,153,163,161,175,173,184,186,191,201,193,216,191,230,184,242,175,250,163,255,150,257,136,259,122,260,108,152,98,159,90,168,86,179,85,190,88,208,88,219,84,230,84,240,88,247,95,199,99,200,108,200,116,200,124,190,134,195,136,200,137,205,135,210,134,165,103,171,99,178,99,185,103,178,104,171,105,215,102,221,99,228,99,235,102,229,104,222,104,181,155,188,148,195,145,200,146,205,145,213,148,221,154,214,159,206,161,201,161,195,161,188,159,184,154,195,152,200,152,206,152,217,154,206,153,200,153,195,153,2,2,1,22,-1131.3729,0.0,0.0,0.0,0.0,0.0,0.0,0.0,0.0,0.0,0.0,0.0,0.0,0.0,0.0,0.0,0.0,0.0,0.0,0.0,-56.56864624023437
141,109,142,123,144,137,148,150,153,163,161,174,173,183,186,191,201,193,216,190,229,184,241,175,250,164,255,150,257,136,259,122,260,108,153,98,159,90,168,86,179,85,190,88,208,88,219,84,230,84,240,88,247,95,199,100,199,108,199,116,199,124,190,134,195,136,200,137,205,135,210,134,165,103,171,99,178,99,185,103,178,104,171,105,215,102,221,98,228,99,235,102,229,104,222,104,181,155,188,148,195,145,200,146,205,145,213,148,221,154,214,159,206,161,200,162,195,161,188,159,184,154,195,152,200,152,205,152,218,154,205,153,200,154,195,153,2,2,1,22,-1131.3729,0.0,0.0,0.0,0.0,0.0,0.0,0.0,0.0,0.0,0.0,0.0,0.0,0.0,0.0,0.0,0.0,0.0,0.0,0.0,-56.56864624023437
141,109,142,122,144,136,148,149,152,163,160,174,172,184,186,191,201,193,216,191,229,184,241,175,250,164,254,150,257,136,259,122,260,108,153,97,159,90,168,85,179,85,190,87,209,87,219,84,230,84,240,88,247,95,200,99,199,107,199,116,199,124,190,134,195,135,200,137,205,135,210,134,165,103,171,99,178,99,185,102,178,104,171,105,215,102,221,99,228,99,235,102,229,104,222,104,181,155,188,148,195,145,200,146,205,145,214,148,221,154,214,159,206,161,201,162,195,161,188,159,184,155,195,152,200,152,205,152,218,154,206,153,200,154,195,153,2,2,1,22,-1131.3729,0.0,0.0,0.0,0.0,0.0,0.0,0.0,0.0,0.0,0.0,0.0,0.0,0.0,0.0,0.0,0.0,0.0,0.0,0.0,-56.56864624023437
141,110,142,123,145,137,148,150,153,164,161,175,173,184,186,191,201,194,216,191,229,184,241,175,249,164,254,150,257,136,259,122,259,108,152,98,159,90,168,86,179,85,189,87,209,87,219,84,230,84,240,88,247,95,200,99,199,107,199,116,199,124,189,134,195,135,200,137,205,135,210,134,165,103,171,99,178,99,185,103,178,104,171,105,215,102,222,98,229,99,235,102,229,104,222,104,180,155,187,148,195,145,199,146,205,145,213,148,221,154,214,159,206,161,200,162,195,161,188,159,184,154,195,152,200,152,205,152,217,154,205,153,200,154,195,153,2,2,1,22,-1131.3729,0.0,0.0,0.0,0.0,0.0,0.0,0.0,0.0,0.0,0.0,0.0,0.0,0.0,0.0,0.0,0.0,0.0,0.0,0.0,-56.56864624023437
141,110,142,124,145,137,148,151,153,164,162,175,173,185,187,192,201,194,216,191,229,185,241,176,249,165,254,151,257,137,259,123,260,108,153,98,159,90,168,86,179,85,189,87,208,87,219,84,230,83,240,88,247,95,199,99,199,107,200,115,199,124,190,134,195,135,200,136,205,135,210,134,165,103,171,100,178,99,185,103,179,104,172,105,214,102,221,99,228,99,234,102,228,104,221,104,180,155,187,149,194,145,199,147,205,145,213,149,221,154,213,159,206,162,200,162,195,162,188,159,184,155,195,153,199,153,205,152,217,154,205,153,200,154,195,153,2,2,1,22,-1131.3729,0.0,0.0,0.0,0.0,0.0,0.0,0.0,0.0,0.0,0.0,0.0,0.0,0.0,0.0,0.0,0.0,0.0,0.0,0.0,-56.56864624023437
141,109,142,123,145,136,148,150,153,163,161,174,172,184,185,192,200,195,215,192,228,185,241,176,249,165,254,151,257,136,259,122,260,108,152,98,158,90,168,85,178,85,189,87,209,87,219,84,230,84,240,88,247,95,199,99,199,107,199,115,199,124,189,133,194,135,199,136,204,135,209,133,165,103,171,99,178,99,185,102,178,104,171,105,214,102,221,98,228,99,235,102,229,104,222,104,180,155,187,148,195,145,199,146,205,145,213,148,221,154,213,160,205,163,200,163,194,163,187,160,184,154,195,152,199,152,205,152,217,154,205,154,200,155,195,154,2,2,1,22,-1131.3729,0.0,0.0,0.0,0.0,0.0,0.0,0.0,0.0,0.0,0.0,0.0,0.0,0.0,0.0,0.0,0.0,0.0,0.0,0.0,-56.56864624023437
141,108,142,122,145,136,148,150,153,163,161,175,172,185,185,193,200,196,215,193,229,186,241,176,249,164,254,150,257,136,259,122,260,107,153,98,159,90,168,85,179,85,189,87,208,87,219,84,230,84,240,88,247,95,199,99,199,107,199,115,199,123,189,133,194,135,199,136,204,135,209,133,165,103,172,99,178,99,185,102,179,104,172,105,215,102,221,99,228,99,235,102,229,104,222,104,180,155,186,148,194,145,199,146,204,144,213,148,221,155,213,161,205,164,199,165,194,164,186,161,183,155,194,151,199,151,204,151,217,155,205,156,199,157,194,156,2,2,1,22,-1131.3729,0.0,0.0,0.0,0.0,0.0,0.0,0.0,0.0,0.0,0.0,0.0,0.0,0.0,0.0,0.0,0.0,0.0,0.0,0.0,-56.56864624023437
141,107,142,122,144,136,148,150,152,163,160,175,172,186,185,194,200,197,215,194,228,187,240,177,248,165,254,151,257,137,259,122,260,108,153,97,158,89,168,85,179,84,189,87,209,87,219,84,230,83,240,87,247,95,199,99,199,107,199,115,199,123,189,133,194,135,199,136,204,135,209,133,165,103,171,99,178,99,185,102,178,104,171,105,215,102,221,98,228,98,235,102,229,104,222,104,180,155,187,148,194,144,199,145,204,144,213,148,221,155,213,162,205,165,200,166,194,166,187,162,183,155,194,151,199,150,205,150,217,155,205,157,200,158,194,157,2,2,1,22,-1131.3729,0.0,0.0,0.0,0.0,0.0,0.0,0.0,0.0,0.0,0.0,0.0,0.0,0.0,0.0,0.0,0.0,0.0,0.0,0.0,-56.56864624023437
140,109,141,123,144,137,147,151,152,164,161,176,172,186,185,194,199,197,214,194,227,187,239,177,248,165,253,151,256,136,258,122,259,107,153,97,159,89,168,85,179,84,189,87,208,87,219,84,230,83,240,87,247,95,199,99,199,107,199,115,199,123,189,133,194,134,199,136,205,134,210,133,164,103,171,99,178,99,184,102,178,103,171,104,214,102,221,98,228,98,234,102,228,103,221,103,179,155,186,147,194,144,199,145,205,144,214,148,221,155,214,162,206,166,199,167,193,166,186,162,182,155,194,150,199,150,205,150,217,155,205,158,199,159,193,158,2,2,1,22,-1131.3729,0.0,0.0,0.0,0.0,0.0,0.0,0.0,0.0,0.0,0.0,0.0,0.0,0.0,0.0,0.0,0.0,0.0,0.0,0.0,-56.56864624023437
140,108,141,123,143,136,147,150,152,164,160,176,172,187,185,195,200,198,215,195,228,187,240,177,249,165,254,150,256,136,258,122,259,107,152,97,158,89,167,84,178,84,188,86,208,86,219,83,230,83,239,87,246,94,199,98,199,106,199,114,199,123,189,132,194,134,199,135,204,134,209,132,164,103,170,99,177,99,184,102,178,103,170,104,214,102,221,98,228,99,234,102,228,103,221,103,179,155,186,147,194,143,199,145,205,143,214,147,221,155,214,163,206,166,199,167,193,167,186,163,182,155,194,149,199,149,205,149,217,155,205,158,199,159,194,158,2,2,1,22,-1131.3729,0.0,0.0,0.0,0.0,0.0,0.0,0.0,0.0,0.0,0.0,0.0,0.0,0.0,0.0,0.0,0.0,0.0,0.0,0.0,-56.56864624023437
140,108,141,122,143,136,147,149,151,163,160,175,171,186,184,194,199,197,214,195,227,187,239,177,248,165,253,150,256,136,258,121,259,107,152,96,158,89,168,84,179,84,189,86,208,86,219,83,229,83,239,87,246,94,199,98,199,106,199,114,199,123,188,132,193,134,199,135,204,134,209,132,164,102,171,99,177,99,184,102,178,103,171,104,214,102,221,98,227,98,234,102,228,103,221,103,178,155,185,147,193,143,199,144,205,143,213,147,221,155,214,164,205,167,199,168,193,167,185,163,182,155,193,149,199,149,205,149,218,155,205,159,199,160,193,159,2,2,1,22,-1131.3729,0.0,0.0,0.0,0.0,0.0,0.0,0.0,0.0,0.0,0.0,0.0,0.0,0.0,0.0,0.0,0.0,0.0,0.0,0.0,-56.56864624023437
139,107,140,121,143,135,146,149,151,163,159,176,171,186,184,195,199,198,213,195,227,188,239,178,248,165,253,151,256,136,258,121,259,106,151,97,157,89,167,84,178,84,188,86,208,87,218,83,229,83,240,87,246,94,198,98,198,106,198,115,198,123,188,132,193,134,199,135,204,134,209,132,164,102,170,99,177,99,183,102,177,103,170,104,214,102,220,98,227,98,234,102,227,103,220,103,178,154,184,147,193,143,198,144,204,143,213,147,221,154,214,163,205,168,199,168,192,168,184,163,181,154,193,149,198,149,204,149,217,154,205,160,199,160,193,159,2,2,1,22,-1131.3729,0.0,0.0,0.0,0.0,0.0,0.0,0.0,0.0,0.0,0.0,0.0,0.0,0.0,0.0,0.0,0.0,0.0,0.0,0.0,-56.56864624023437
139,108,140,122,143,136,146,150,151,164,159,176,171,186,183,195,198,199,212,196,226,188,238,178,246,165,252,151,255,136,257,122,258,107,151,96,157,89,167,84,177,84,188,86,208,86,218,83,229,83,239,87,246,95,198,98,198,106,198,114,198,123,187,132,193,134,198,135,204,134,209,132,163,103,169,99,176,99,183,102,176,103,170,104,213,102,220,98,227,98,233,102,227,103,220,103,177,153,184,146,192,143,198,145,204,144,213,147,221,154,214,163,205,168,198,168,192,168,183,163,180,154,192,149,198,149,204,149,217,154,204,160,198,161,192,160,2,2,1,22,-1131.3729,0.0,0.0,0.0,0.0,0.0,0.0,0.0,0.0,0.0,0.0,0.0,0.0,0.0,0.0,0.0,0.0,0.0,0.0,0.0,-56.56864624023437
139,107,140,121,142,135,145,149,150,163,159,175,170,187,182,196,197,200,212,197,225,189,238,178,247,165,252,151,255,136,257,122,258,107,151,97,157,89,167,84,177,84,187,87,208,87,218,84,229,83,239,87,245,95,198,98,198,107,198,115,197,124,187,133,192,135,197,136,203,135,208,133,163,103,169,99,176,99,183,102,176,103,170,104,213,102,220,99,227,99,233,102,227,103,220,103,176,153,183,146,192,143,197,145,204,144,213,147,220,154,213,164,204,168,197,169,191,168,182,163,179,153,192,149,197,149,204,149,217,154,204,160,197,161,191,160,2,2,1,22,-1131.3729,0.0,0.0,0.0,0.0,0.0,0.0,0.0,0.0,0.0,0.0,0.0,0.0,0.0,0.0,0.0,0.0,0.0,0.0,0.0,-56.56864624023437
139,107,140,122,142,135,145,149,149,163,157,176,168,188,180,197,195,201,210,198,223,191,236,180,245,168,251,153,254,138,257,123,258,108,151,97,157,89,166,85,177,84,187,87,207,87,218,84,229,84,239,88,246,95,197,99,197,107,197,115,197,124,186,133,191,135,197,136,202,135,208,133,163,103,169,100,176,99,182,102,176,104,169,104,213,102,219,99,226,100,232,102,226,104,219,104,175,153,182,146,191,144,196,145,203,144,212,147,220,154,212,164,203,169,196,170,190,169,181,164,178,153,191,149,196,149,203,149,217,155,202,161,196,161,190,160,2,2,1,22,-1131.3729,0.0,0.0,0.0,0.0,0.0,0.0,0.0,0.0,0.0,0.0,0.0,0.0,0.0,0.0,0.0,0.0,0.0,0.0,0.0,-56.56864624023437
139,107,140,121,142,135,144,149,149,163,156,176,167,188,179,197,194,201,208,199,222,192,235,182,244,169,250,154,254,139,257,124,258,109,151,97,157,89,167,85,177,85,187,87,207,88,218,85,229,84,239,88,245,96,197,99,197,108,197,116,196,125,185,133,191,135,196,137,202,135,208,133,163,103,170,100,176,100,182,102,176,104,170,104,213,103,220,100,226,101,232,103,226,105,219,104,173,152,181,147,189,144,195,146,202,145,211,148,219,154,211,164,202,169,195,170,188,168,180,163,176,153,189,150,195,150,202,150,216,155,202,161,195,162,189,161,2,2,1,22,-1131.3729,0.0,0.0,0.0,0.0,0.0,0.0,0.0,0.0,0.0,0.0,0.0,0.0,0.0,0.0,0.0,0.0,0.0,0.0,0.0,-56.56864624023437
139,107,139,121,141,135,144,150,148,164,156,176,167,188,179,197,193,201,208,198,222,191,234,181,243,169,249,154,253,139,256,124,258,109,150,96,156,89,166,85,176,85,186,88,207,89,218,85,228,85,238,89,245,97,197,99,196,108,196,117,196,126,185,133,190,135,196,137,202,136,207,133,162,103,169,101,175,100,182,103,175,104,169,104,212,103,219,101,226,101,232,104,226,105,219,104,173,152,180,147,189,145,195,146,202,145,211,148,219,154,211,164,201,168,194,169,188,168,179,163,176,153,189,149,195,150,202,150,216,155,201,161,195,161,188,160,2,2,1,22,-1131.3729,0.0,0.0,0.0,0.0,0.0,0.0,0.0,0.0,0.0,0.0,0.0,0.0,0.0,0.0,0.0,0.0,0.0,0.0,0.0,-56.56864624023437
139,107,139,121,141,135,143,149,148,163,156,176,166,187,178,197,193,201,208,198,222,191,234,181,243,169,249,155,253,140,256,125,257,110,150,97,156,89,166,85,176,85,186,88,206,89,217,86,228,85,238,90,245,97,196,100,196,108,196,117,195,126,184,133,190,136,195,138,201,136,207,134,162,104,169,102,175,101,182,103,175,104,169,104,212,104,219,102,225,103,231,105,225,106,219,105,172,152,180,147,189,145,195,147,202,146,211,149,219,154,211,164,201,168,194,169,187,168,179,163,175,153,189,150,195,150,202,150,216,155,201,161,194,162,188,160,2,2,1,22,-1131.3729,0.0,0.0,0.0,0.0,0.0,0.0,0.0,0.0,0.0,0.0,0.0,0.0,0.0,0.0,0.0,0.0,0.0,0.0,0.0,-56.56864624023437
139,105,139,119,141,133,143,147,147,161,155,175,166,186,178,197,192,201,207,198,221,191,234,181,244,168,250,154,253,139,256,124,257,109,150,97,156,89,165,85,176,85,186,88,207,89,217,86,229,86,239,90,245,98,196,100,196,109,195,118,195,127,184,134,189,136,194,138,200,136,206,135,162,104,169,103,175,102,181,103,175,105,169,105,212,104,219,104,225,104,232,106,225,107,219,106,171,151,179,147,188,145,194,147,201,146,210,148,219,154,210,164,201,168,193,169,186,167,178,162,174,152,188,150,194,151,201,151,216,154,201,161,194,161,187,160,2,2,1,22,-1131.3729,0.0,0.0,0.0,0.0,0.0,0.0,0.0,0.0,0.0,0.0,0.0,0.0,0.0,0.0,0.0,0.0,0.0,0.0,0.0,-56.56864624023437
139,105,139,119,141,133,143,147,148,162,156,175,166,187,178,196,193,201,208,198,222,190,235,180,244,168,250,153,254,138,256,124,258,110,150,96,156,89,166,85,176,86,187,89,207,90,218,87,229,86,239,91,245,98,196,100,196,109,195,118,195,127,183,134,189,136,195,138,201,136,206,135,162,104,168,104,174,104,181,104,174,105,168,106,212,105,219,105,225,106,232,106,225,108,219,107,171,151,179,147,188,145,194,147,200,146,210,149,219,153,210,164,200,168,193,169,186,167,178,162,174,152,188,150,194,151,200,150,216,154,200,161,194,161,187,160,2,2,1,22,-1131.3729,0.0,0.0,0.0,0.0,0.0,0.0,0.0,0.0,0.0,0.0,0.0,0.0,0.0,0.0,0.0,0.0,0.0,0.0,0.0,-56.56864624023437
140,104,140,119,141,132,143,147,147,161,155,175,166,187,178,196,193,200,208,198,222,190,235,181,245,168,250,154,254,139,256,124,258,110,150,97,157,89,166,85,177,86,187,89,207,90,217,87,229,86,239,91,245,98,197,100,196,109,196,118,195,127,183,134,189,136,195,138,201,136,207,135,162,104,169,104,175,104,181,104,175,105,169,106,212,105,219,105,225,106,232,107,225,108,219,107,171,151,179,147,187,145,193,147,200,146,210,149,219,153,210,164,200,168,193,168,186,167,178,162,174,152,187,150,193,151,200,150,216,154,200,161,193,161,187,160,2,2,1,22,-1131.3729,0.0,0.0,0.0,0.0,0.0,0.0,0.0,0.0,0.0,0.0,0.0,0.0,0.0,0.0,0.0,0.0,0.0,0.0,0.0,-56.56864624023437
139,105,139,119,140,133,143,147,147,161,155,175,166,187,178,197,192,201,208,198,222,191,234,181,244,168,250,154,254,139,257,125,258,110,150,97,156,89,166,85,177,85,187,88,207,89,218,87,229,87,239,91,246,99,197,100,196,109,196,118,195,127,184,134,189,136,195,138,201,136,207,135,162,104,169,104,175,103,182,103,175,105,169,105,212,105,220,105,226,106,232,107,225,107,219,107,171,151,179,147,188,145,194,147,201,146,210,149,219,153,210,164,200,168,193,169,187,167,178,162,174,152,188,150,194,150,200,150,216,154,200,161,194,161,188,160,2,2,1,22,-1131.3729,0.0,0.0,0.0,0.0,0.0,0.0,0.0,0.0,0.0,0.0,0.0,0.0,0.0,0.0,0.0,0.0,0.0,0.0,0.0,-56.56864624023437
140,105,140,119,141,133,143,147,148,161,155,175,166,187,178,197,193,201,208,198,222,191,235,181,245,168,250,154,254,139,257,124,258,110,151,97,157,89,167,85,178,86,188,89,208,90,219,87,230,87,240,91,247,99,198,100,197,109,197,118,196,127,184,134,190,136,195,138,202,136,208,135,163,104,170,103,176,103,182,103,176,105,169,105,213,105,220,105,227,106,233,107,226,107,220,107,171,151,180,147,189,145,195,147,202,146,211,149,220,153,211,164,201,168,194,169,187,167,178,162,174,152,189,150,195,150,202,150,216,154,201,161,194,161,188,160,2,2,1,22,-1131.3729,0.0,0.0,0.0,0.0,0.0,0.0,0.0,0.0,0.0,0.0,0.0,0.0,0.0,0.0,0.0,0.0,0.0,0.0,0.0,-56.56864624023437
140,105,140,118,141,132,143,146,147,160,155,173,166,185,178,195,193,200,208,198,222,190,235,180,245,168,251,153,254,139,257,125,259,110,152,97,158,90,168,86,178,86,188,89,208,90,220,87,231,87,241,92,247,100,198,100,198,109,197,118,196,127,185,134,190,136,196,138,202,137,208,135,164,104,171,102,177,102,183,103,176,104,170,105,213,105,220,104,227,105,233,106,226,107,220,107,172,151,180,147,189,145,195,147,202,146,211,148,220,153,211,163,201,168,194,169,187,167,178,162,175,152,188,149,195,150,202,150,216,154,202,161,195,161,188,160,2,2,1,22,-1131.3729,0.0,0.0,0.0,0.0,0.0,0.0,0.0,0.0,0.0,0.0,0.0,0.0,0.0,0.0,0.0,0.0,0.0,0.0,0.0,-56.56864624023437
140,106,140,119,141,133,143,147,148,161,156,174,166,185,178,195,193,200,208,197,222,190,235,180,245,168,251,154,255,139,257,125,259,111,152,98,158,90,168,86,179,86,189,89,209,90,220,87,231,88,241,92,247,100,198,100,198,109,197,118,197,128,185,134,191,136,196,138,203,137,209,135,164,104,171,102,177,102,183,103,177,104,170,105,214,105,221,104,227,105,233,107,227,107,220,107,173,151,181,147,190,146,196,147,203,146,211,149,220,154,211,163,202,167,195,168,188,167,180,162,176,152,189,150,196,151,202,151,217,154,202,160,195,161,189,159,2,2,1,22,-1131.3729,0.0,0.0,0.0,0.0,0.0,0.0,0.0,0.0,0.0,0.0,0.0,0.0,0.0,0.0,0.0,0.0,0.0,0.0,0.0,-56.56864624023437
140,106,140,120,141,134,143,148,148,162,156,174,167,185,179,194,193,198,208,196,222,189,235,180,245,168,251,154,255,140,257,126,259,111,152,98,158,90,168,86,178,86,189,89,209,91,220,88,231,88,241,92,247,101,198,101,198,110,197,119,197,128,185,135,191,137,197,139,203,137,209,135,164,104,170,102,177,102,183,104,177,104,170,105,214,105,221,104,227,105,233,107,227,107,220,107,172,151,181,148,190,146,196,148,203,147,212,149,220,153,211,162,202,166,195,167,188,165,180,161,176,152,189,150,196,151,203,151,217,154,202,159,195,159,189,158,2,2,1,22,-1131.3729,0.0,0.0,0.0,0.0,0.0,0.0,0.0,0.0,0.0,0.0,0.0,0.0,0.0,0.0,0.0,0.0,0.0,0.0,0.0,-56.56864624023437
140,106,140,119,141,133,143,147,148,161,156,173,167,184,179,194,194,198,209,195,223,188,236,179,246,167,252,153,255,139,258,125,259,111,152,98,158,91,168,87,178,87,189,90,209,91,220,88,231,88,242,92,248,100,199,101,198,110,198,119,197,128,185,135,191,137,197,139,203,138,209,136,165,104,171,102,177,102,184,104,177,104,171,105,214,105,221,104,228,104,234,107,227,107,221,106,173,151,181,148,190,146,196,148,203,147,211,149,220,153,211,161,202,165,195,166,188,165,180,160,176,152,189,151,196,152,203,151,216,154,202,158,195,158,189,157,2,2,1,22,-1131.3729,0.0,0.0,0.0,0.0,0.0,0.0,0.0,0.0,0.0,0.0,0.0,0.0,0.0,0.0,0.0,0.0,0.0,0.0,0.0,-56.56864624023437
141,106,141,120,141,134,143,148,147,162,156,174,167,185,179,194,194,198,209,195,223,188,236,179,246,167,252,154,255,140,258,126,260,112,152,98,158,90,168,86,179,87,189,90,209,91,220,88,231,88,242,92,248,100,199,101,198,110,198,119,197,129,185,135,191,137,197,140,203,138,209,136,164,104,171,102,177,102,184,104,177,105,171,105,214,105,221,104,228,104,234,106,227,107,221,107,173,152,181,148,190,146,196,148,202,147,211,149,220,154,211,161,202,165,195,166,189,165,180,160,176,152,189,151,196,152,202,152,216,154,202,158,196,158,189,157,2,2,1,22,-1131.3729,0.0,0.0,0.0,0.0,0.0,0.0,0.0,0.0,0.0,0.0,0.0,0.0,0.0,0.0,0.0,0.0,0.0,0.0,0.0,-56.56864624023437
141,106,141,120,142,134,144,148,148,162,156,174,167,185,179,194,194,198,209,196,223,188,236,179,246,168,252,154,255,139,258,126,259,111,152,99,158,91,168,87,178,87,189,90,209,92,220,89,231,88,241,92,248,100,199,101,198,110,198,119,197,129,186,135,191,138,197,140,203,138,209,136,165,104,171,102,178,102,184,104,177,105,171,105,215,105,221,103,228,104,234,106,228,107,221,107,174,153,182,149,190,147,196,149,203,148,211,150,220,154,211,162,202,166,195,166,189,165,181,161,177,153,190,152,196,153,203,152,216,155,203,158,196,159,189,158,2,2,1,22,-1131.3729,0.0,0.0,0.0,0.0,0.0,0.0,0.0,0.0,0.0,0.0,0.0,0.0,0.0,0.0,0.0,0.0,0.0,0.0,0.0,-56.56864624023437
141,107,141,121,142,135,144,149,149,163,157,175,167,186,179,196,194,199,209,197,223,189,236,179,246,168,252,154,256,140,258,126,260,111,152,99,159,91,168,87,179,87,189,90,209,91,220,88,232,88,242,92,248,101,199,101,198,111,198,120,197,129,186,136,191,138,197,140,203,138,209,136,164,104,171,102,177,102,184,104,177,105,171,105,214,106,221,104,228,104,234,107,228,107,221,107,174,153,182,149,190,147,196,149,202,148,211,150,219,155,211,163,202,166,196,167,189,166,181,162,177,154,190,152,196,153,202,153,215,155,202,159,196,159,190,158,2,2,1,22,-1131.3729,0.0,0.0,0.0,0.0,0.0,0.0,0.0,0.0,0.0,0.0,0.0,0.0,0.0,0.0,0.0,0.0,0.0,0.0,0.0,-56.56864624023437
141,106,141,120,142,134,145,148,149,162,156,174,167,186,179,195,194,199,209,196,223,189,236,179,246,168,252,154,256,140,258,126,260,112,152,99,158,91,168,87,179,87,190,91,209,92,220,89,231,88,242,92,248,100,199,102,198,111,198,120,197,129,186,136,191,138,197,140,203,139,209,136,165,104,171,102,177,102,184,105,177,105,171,105,215,106,222,104,228,104,234,107,228,107,221,107,175,154,182,150,190,148,196,150,203,148,211,151,219,155,211,163,203,167,196,167,189,166,181,162,178,155,190,153,196,154,203,153,215,156,203,159,196,159,189,158,2,2,1,22,-1131.3729,0.0,0.0,0.0,0.0,0.0,0.0,0.0,0.0,0.0,0.0,0.0,0.0,0.0,0.0,0.0,0.0,0.0,0.0,0.0,-56.56864624023437
141,107,141,121,142,135,145,149,149,162,157,175,167,186,180,195,194,199,209,196,223,189,236,180,246,168,252,154,256,140,258,127,260,112,153,99,159,92,168,87,179,87,189,90,209,91,220,89,232,88,242,93,248,101,199,102,199,111,198,120,198,130,186,136,191,138,197,141,204,139,209,136,165,104,171,101,177,102,184,105,177,105,171,105,215,106,222,103,228,104,234,107,228,107,221,107,174,154,182,150,190,148,196,150,203,148,211,151,220,155,211,162,203,166,196,167,189,166,181,162,178,155,190,153,196,153,203,153,216,156,203,158,196,159,190,158,2,2,1,22,-1131.3729,0.0,0.0,0.0,0.0,0.0,0.0,0.0,0.0,0.0,0.0,0.0,0.0,0.0,0.0,0.0,0.0,0.0,0.0,0.0,-56.56864624023437
141,107,141,121,142,134,144,148,149,162,157,174,167,185,179,195,194,198,209,196,223,188,236,179,246,168,253,154,256,140,259,127,260,112,153,99,159,92,169,87,179,87,190,90,210,91,221,89,232,88,243,93,249,101,199,102,199,111,198,120,198,129,186,136,192,138,198,140,204,139,209,137,165,104,172,101,178,101,184,104,178,105,171,105,215,106,222,103,229,103,235,107,228,107,222,107,175,154,183,150,191,148,197,150,203,148,211,151,219,155,211,162,202,165,196,166,189,165,182,161,179,155,191,153,196,154,203,153,215,155,203,157,196,158,190,157,2,2,1,22,-1131.3729,0.0,0.0,0.0,0.0,0.0,0.0,0.0,0.0,0.0,0.0,0.0,0.0,0.0,0.0,0.0,0.0,0.0,0.0,0.0,-56.56864624023437
141,107,141,121,142,135,144,149,149,163,157,175,168,185,180,194,195,198,210,195,224,188,237,179,247,167,253,154,256,140,259,126,260,112,152,99,159,91,169,87,179,87,190,90,209,92,221,89,232,89,243,93,249,101,199,102,199,111,199,120,198,130,186,136,192,138,198,140,204,139,210,137,165,104,171,101,178,101,184,104,178,105,171,105,215,106,222,103,228,104,235,107,228,107,221,107,175,154,183,150,191,148,197,149,203,148,211,150,219,155,211,162,203,165,196,166,190,165,182,162,179,155,191,153,197,153,203,153,215,156,203,157,197,157,191,157,2,2,1,22,-1131.3729,0.0,0.0,0.0,0.0,0.0,0.0,0.0,0.0,0.0,0.0,0.0,0.0,0.0,0.0,0.0,0.0,0.0,0.0,0.0,-56.56864624023437
142,107,142,121,143,135,145,149,149,163,157,175,167,186,179,196,194,200,209,197,223,190,236,180,246,169,252,155,256,141,259,127,261,113,153,99,160,91,169,87,180,87,191,91,210,91,221,89,232,88,243,93,249,101,200,102,199,111,199,120,198,130,186,136,192,138,198,141,204,139,210,136,165,104,172,101,178,102,185,104,178,105,172,105,215,106,222,103,229,104,235,107,229,107,222,107,174,155,182,150,191,148,197,149,203,148,212,150,219,156,211,164,203,167,196,168,189,167,181,163,178,155,190,153,197,153,203,153,215,156,203,159,196,159,190,158,2,2,1,22,-1131.3729,0.0,0.0,0.0,0.0,0.0,0.0,0.0,0.0,0.0,0.0,0.0,0.0,0.0,0.0,0.0,0.0,0.0,0.0,0.0,-56.56864624023437
142,108,142,122,143,136,146,151,150,164,157,177,167,188,180,197,194,201,209,199,223,192,236,182,246,170,252,156,256,142,259,127,261,112,153,99,160,91,169,87,180,87,191,91,210,92,221,89,232,88,242,93,249,101,200,102,199,111,199,120,198,129,187,136,192,139,198,140,204,139,210,137,166,104,172,101,179,101,185,104,178,105,172,105,216,106,223,103,229,104,235,107,229,108,222,107,176,156,183,150,192,148,197,149,204,148,212,151,219,158,211,166,203,170,196,171,190,170,182,166,179,157,191,153,197,153,203,153,215,158,203,161,197,162,191,161,2,2,1,22,-1131.3729,0.0,0.0,0.0,0.0,0.0,0.0,0.0,0.0,0.0,0.0,0.0,0.0,0.0,0.0,0.0,0.0,0.0,0.0,0.0,-56.56864624023437
142,107,142,122,144,136,146,150,150,164,158,177,168,188,180,198,195,202,210,199,224,192,237,183,246,171,252,157,256,142,259,128,261,113,153,99,159,91,169,87,180,87,191,91,210,92,221,89,232,88,243,92,249,100,200,102,200,111,199,120,199,129,187,136,192,139,198,141,204,139,210,137,166,104,172,101,179,101,185,104,178,105,172,105,216,106,223,103,229,104,236,107,229,107,223,107,176,157,183,151,192,148,198,149,204,148,212,151,219,158,212,167,203,171,197,172,190,171,182,167,180,157,192,153,197,154,204,153,215,158,203,162,197,163,191,162,2,2,1,22,-1131.3729,0.0,0.0,0.0,0.0,0.0,0.0,0.0,0.0,0.0,0.0,0.0,0.0,0.0,0.0,0.0,0.0,0.0,0.0,0.0,-56.56864624023437
142,108,142,123,143,137,146,152,150,166,158,178,168,190,180,199,195,203,209,201,224,194,237,184,246,172,252,158,256,143,259,128,261,113,153,99,159,91,169,87,180,87,191,90,210,91,221,88,232,88,243,92,249,101,200,102,200,111,199,120,199,129,187,136,193,138,198,140,204,139,210,137,166,104,172,101,179,101,185,104,179,105,172,105,216,106,223,103,229,104,235,107,229,107,222,107,176,157,184,151,192,147,197,149,204,148,212,152,219,159,211,168,203,172,196,172,190,171,182,167,180,157,192,153,197,153,203,153,215,159,203,162,197,163,191,162,2,2,1,22,-1131.3729,0.0,0.0,0.0,0.0,0.0,0.0,0.0,0.0,0.0,0.0,0.0,0.0,0.0,0.0,0.0,0.0,0.0,0.0,0.0,-56.56864624023437
142,108,142,123,144,137,147,152,151,166,159,179,169,190,180,200,195,204,209,202,224,195,236,185,246,173,252,158,256,144,259,129,261,114,153,98,160,90,170,86,180,87,191,89,210,91,221,88,233,88,243,92,249,100,200,101,200,110,199,119,199,128,187,136,193,138,198,140,204,139,210,137,166,104,172,101,179,101,185,104,178,105,172,105,216,106,223,103,230,103,236,107,229,107,223,107,177,158,183,150,192,147,198,149,204,148,212,151,219,159,212,168,204,173,197,174,190,173,182,168,180,158,192,153,197,153,204,153,216,159,204,164,197,165,191,164,2,2,1,22,-1131.3729,0.0,0.0,0.0,0.0,0.0,0.0,0.0,0.0,0.0,0.0,0.0,0.0,0.0,0.0,0.0,0.0,0.0,0.0,0.0,-56.56864624023437
142,108,142,123,144,137,147,152,152,166,159,179,169,190,181,199,195,204,209,201,224,194,237,184,246,172,252,157,256,143,259,128,261,113,153,99,160,91,169,86,180,87,191,90,210,91,222,88,233,88,243,92,250,101,200,101,200,110,199,119,199,129,187,136,193,138,199,140,205,139,210,137,166,104,173,101,179,101,186,104,179,105,172,105,216,106,223,103,230,103,236,107,230,107,223,107,176,157,183,150,192,148,198,149,205,148,213,151,220,159,212,168,204,173,197,174,190,173,182,168,180,158,191,153,198,153,204,153,216,159,204,164,197,165,191,164,2,2,1,22,-1131.3729,0.0,0.0,0.0,0.0,0.0,0.0,0.0,0.0,0.0,0.0,0.0,0.0,0.0,0.0,0.0,0.0,0.0,0.0,0.0,-56.56864624023437
142,110,142,124,144,138,147,153,152,166,160,179,170,190,182,199,196,203,211,201,225,194,238,184,247,172,253,158,257,143,260,129,262,114,154,99,160,91,170,87,181,87,191,90,210,92,222,89,233,88,243,93,250,101,201,101,200,111,200,120,199,129,188,136,193,139,199,141,205,139,211,137,166,104,173,101,179,101,186,104,179,105,172,105,217,106,224,103,230,103,236,107,230,107,223,107,176,157,184,150,193,148,198,149,205,148,214,151,221,159,213,168,204,172,197,173,191,172,183,167,180,157,192,153,198,153,204,153,217,159,204,164,198,164,192,163,2,2,1,22,-1131.3729,0.0,0.0,0.0,0.0,0.0,0.0,0.0,0.0,0.0,0.0,0.0,0.0,0.0,0.0,0.0,0.0,0.0,0.0,0.0,-56.56864624023437
142,108,142,123,144,137,147,151,152,165,159,178,169,189,182,199,196,203,211,201,225,194,237,184,247,172,253,157,257,142,260,128,261,113,154,100,160,91,170,87,181,88,192,91,211,92,222,89,233,89,244,93,250,101,201,102,201,111,200,120,200,129,188,137,194,139,199,141,205,139,211,137,166,105,173,101,180,101,186,105,179,106,173,106,217,106,224,103,230,104,236,107,230,108,224,107,177,158,185,151,193,148,199,150,206,149,214,152,221,159,214,168,205,172,198,173,191,172,183,167,181,158,192,153,199,154,206,154,218,159,206,164,199,165,192,163,2,2,1,22,-1131.3729,0.0,0.0,0.0,0.0,0.0,0.0,0.0,0.0,0.0,0.0,0.0,0.0,0.0,0.0,0.0,0.0,0.0,0.0,0.0,-56.56864624023437
143,109,143,123,145,138,148,152,152,166,160,179,170,190,183,200,197,203,211,201,226,194,238,184,248,172,253,158,257,143,260,128,262,114,154,100,161,92,170,88,181,88,192,91,211,92,223,89,234,89,245,93,251,102,201,102,201,112,200,120,200,130,188,137,194,139,199,141,206,140,211,138,167,105,173,101,180,102,186,105,179,106,173,106,217,107,224,103,231,104,237,107,230,108,224,108,177,158,184,151,193,149,199,150,205,149,214,152,222,159,214,169,205,173,198,174,192,173,183,168,180,158,193,154,199,154,205,154,218,159,205,164,199,165,192,164,2,2,1,22,-1131.3729,0.0,0.0,0.0,0.0,0.0,0.0,0.0,0.0,0.0,0.0,0.0,0.0,0.0,0.0,0.0,0.0,0.0,0.0,0.0,-56.56864624023437
143,108,143,123,145,137,148,152,153,166,160,179,170,191,183,201,197,204,212,202,226,194,238,184,247,172,253,157,257,143,260,128,262,112,154,100,160,92,170,88,181,89,191,92,211,93,223,90,234,89,245,94,251,102,201,103,201,112,201,121,200,131,189,138,194,140,200,142,206,140,211,138,167,105,173,102,180,102,186,105,180,106,173,107,217,107,224,104,231,104,237,108,231,108,224,108,177,159,184,152,193,150,199,151,206,150,215,153,222,160,214,169,206,174,198,175,191,174,183,169,180,159,193,154,199,155,206,155,219,160,206,165,199,166,192,165,2,2,1,22,-1131.3729,0.0,0.0,0.0,0.0,0.0,0.0,0.0,0.0,0.0,0.0,0.0,0.0,0.0,0.0,0.0,0.0,0.0,0.0,0.0,-56.56864624023437
142,107,143,122,145,137,148,151,152,166,160,179,171,190,183,199,198,203,212,201,226,193,239,183,248,171,254,157,258,142,261,127,262,112,154,100,161,92,171,88,181,88,192,92,211,93,222,90,234,89,245,94,251,102,202,103,201,112,201,121,201,131,189,138,194,140,200,142,206,141,211,139,167,105,173,102,180,102,186,105,180,106,173,107,217,107,224,104,231,105,237,108,231,109,224,108,178,159,185,152,193,150,199,151,206,150,214,153,222,160,214,169,206,173,199,174,192,173,184,168,181,159,193,155,199,155,206,155,218,160,206,165,199,166,193,165,2,2,1,22,-1131.3729,0.0,0.0,0.0,0.0,0.0,0.0,0.0,0.0,0.0,0.0,0.0,0.0,0.0,0.0,0.0,0.0,0.0,0.0,0.0,-56.56864624023437
142,108,143,123,144,137,148,151,152,165,160,178,170,189,182,199,197,202,212,200,226,193,239,183,248,171,254,157,258,143,261,128,262,113,155,100,161,92,171,88,181,89,191,92,212,93,223,90,234,89,245,94,251,102,202,103,201,112,201,121,200,131,189,138,194,140,200,142,206,141,211,139,167,105,173,102,180,102,186,106,180,106,173,107,217,107,225,104,231,104,237,108,231,109,225,108,178,158,185,153,194,151,199,152,205,151,214,154,222,159,213,167,205,171,199,171,193,170,185,166,181,159,193,157,199,157,205,157,218,160,205,162,199,162,193,162,2,2,1,22,-1131.3729,0.0,0.0,0.0,0.0,0.0,0.0,0.0,0.0,0.0,0.0,0.0,0.0,0.0,0.0,0.0,0.0,0.0,0.0,0.0,-56.56864624023437
144,108,144,122,145,136,147,151,152,165,159,177,171,188,183,196,197,200,212,198,227,191,239,182,249,170,254,156,258,142,261,128,262,113,154,100,161,92,171,88,182,89,192,92,211,93,223,90,234,90,245,94,251,103,202,103,201,112,201,121,200,131,189,138,194,140,200,142,206,141,211,139,167,105,173,101,180,102,186,106,180,106,173,107,217,107,224,103,231,104,237,108,231,109,224,108,178,158,185,154,193,151,198,153,204,152,212,154,221,158,213,164,205,167,199,168,193,167,185,164,181,158,193,158,198,159,204,158,217,159,204,159,199,159,193,159,2,2,1,22,-1131.3729,0.0,0.0,0.0,0.0,0.0,0.0,0.0,0.0,0.0,0.0,0.0,0.0,0.0,0.0,0.0,0.0,0.0,0.0,0.0,-56.56864624023437
143,108,143,122,144,136,147,150,152,164,159,176,170,187,182,196,197,199,212,198,226,191,239,181,248,170,254,156,258,141,260,127,262,113,154,100,161,92,171,88,181,88,192,91,211,93,222,90,234,89,244,94,251,102,201,103,201,112,201,121,200,131,189,138,194,141,200,142,206,141,211,139,166,105,173,101,180,101,186,105,180,106,173,106,217,107,224,103,231,104,237,107,231,108,224,108,177,158,185,153,193,151,199,153,205,152,213,154,221,159,213,164,205,167,198,167,193,166,185,163,181,158,193,158,199,158,205,158,217,159,205,159,199,159,193,158,2,2,1,22,-1131.3729,0.0,0.0,0.0,0.0,0.0,0.0,0.0,0.0,0.0,0.0,0.0,0.0,0.0,0.0,0.0,0.0,0.0,0.0,0.0,-56.56864624023437
142,109,143,123,144,136,147,150,151,164,159,176,170,187,183,196,197,200,213,198,227,191,239,181,249,170,254,156,258,141,260,127,262,113,154,100,161,92,170,88,181,88,192,92,211,92,223,90,234,89,244,94,250,102,201,103,201,112,201,121,200,131,189,138,194,140,200,142,206,141,211,139,166,105,173,101,180,101,186,105,179,106,173,106,217,107,224,103,231,104,237,107,231,108,224,108,178,158,186,153,194,151,199,153,205,152,213,155,221,159,213,165,205,168,199,168,193,167,185,164,181,159,194,158,199,159,205,158,218,159,205,159,199,160,194,159,2,2,1,22,-1131.3729,0.0,0.0,0.0,0.0,0.0,0.0,0.0,0.0,0.0,0.0,0.0,0.0,0.0,0.0,0.0,0.0,0.0,0.0,0.0,-56.56864624023437
142,109,143,123,145,138,148,152,152,166,160,179,171,189,183,198,198,202,213,200,226,192,239,182,248,170,254,156,257,141,260,127,262,112,154,100,160,92,170,88,181,88,191,91,211,93,223,90,234,89,244,94,250,102,201,103,201,112,201,121,200,130,189,138,194,140,200,142,206,141,211,139,167,104,173,101,180,101,186,105,179,105,173,106,217,106,224,103,231,104,237,107,231,108,224,108,177,159,185,153,193,150,199,152,206,151,214,154,222,160,214,167,206,171,199,172,192,171,184,167,181,159,193,157,199,157,206,157,218,160,206,163,199,163,193,162,2,2,1,22,-1131.3729,0.0,0.0,0.0,0.0,0.0,0.0,0.0,0.0,0.0,0.0,0.0,0.0,0.0,0.0,0.0,0.0,0.0,0.0,0.0,-56.56864624023437
142,108,143,123,145,137,147,152,151,166,159,179,170,190,182,200,196,204,211,202,225,194,237,184,247,172,253,158,257,143,260,128,261,113,154,99,160,92,170,88,181,88,191,91,212,92,223,89,234,89,244,94,250,102,201,103,201,112,200,121,200,130,189,138,194,140,199,142,205,140,210,139,166,105,173,101,180,101,186,105,179,106,173,106,217,107,224,103,231,104,237,107,230,108,224,108,177,159,184,152,193,149,199,151,205,150,214,153,221,161,214,170,205,174,198,175,192,174,184,169,181,159,193,156,199,156,205,156,218,161,205,165,199,166,193,165,2,2,1,22,-1131.3729,0.0,0.0,0.0,0.0,0.0,0.0,0.0,0.0,0.0,0.0,0.0,0.0,0.0,0.0,0.0,0.0,0.0,0.0,0.0,-56.56864624023437
141,108,142,123,144,137,147,152,151,166,159,179,169,191,181,201,195,205,210,203,224,195,237,185,246,172,252,158,257,143,260,128,261,113,153,99,159,91,169,87,180,87,191,91,211,92,222,89,234,89,244,93,250,102,201,103,200,112,200,121,200,130,188,137,193,140,199,142,205,140,210,138,166,104,172,101,179,101,186,105,179,106,172,106,216,107,223,103,230,103,236,107,230,108,223,108,176,159,184,152,193,149,199,151,206,150,214,153,221,160,214,170,205,175,198,176,191,175,183,169,179,159,192,155,199,155,205,155,218,161,205,167,198,168,192,166,2,2,1,22,-1131.3729,0.0,0.0,0.0,0.0,0.0,0.0,0.0,0.0,0.0,0.0,0.0,0.0,0.0,0.0,0.0,0.0,0.0,0.0,0.0,-56.56864624023437
142,108,142,123,144,138,147,152,152,166,159,180,169,192,181,201,195,205,210,203,224,196,236,185,246,173,252,158,256,143,259,128,261,112,153,99,160,91,169,87,180,88,190,91,211,92,222,89,233,89,244,93,250,102,200,102,200,111,200,120,199,130,188,137,193,140,199,142,205,140,210,138,165,105,172,101,179,101,185,105,179,106,172,106,216,106,223,103,230,104,236,107,230,108,223,108,176,159,183,152,192,149,198,151,205,150,214,153,221,160,213,170,205,175,197,175,190,174,182,169,179,159,192,155,198,155,205,155,218,160,205,166,198,167,191,166,2,2,1,22,-1131.3729,0.0,0.0,0.0,0.0,0.0,0.0,0.0,0.0,0.0,0.0,0.0,0.0,0.0,0.0,0.0,0.0,0.0,0.0,0.0,-56.56864624023437
142,107,142,122,144,137,146,152,150,166,158,179,168,191,180,201,195,205,209,202,224,195,237,185,246,173,252,158,256,143,259,128,261,112,154,99,160,91,170,87,180,87,191,91,210,92,221,89,233,89,243,93,249,101,200,102,199,111,199,120,198,129,187,137,193,139,198,141,204,140,209,138,166,105,172,103,179,103,185,105,179,106,172,106,215,107,222,105,229,105,235,108,229,108,222,108,176,158,183,151,192,148,198,150,204,149,213,152,221,159,212,169,204,173,197,174,190,173,182,168,179,159,192,155,198,155,204,155,217,160,204,164,197,165,191,164,2,2,1,22,-1131.3729,0.0,0.0,0.0,0.0,0.0,0.0,0.0,0.0,0.0,0.0,0.0,0.0,0.0,0.0,0.0,0.0,0.0,0.0,0.0,-56.56864624023437
141,107,142,122,143,137,146,151,150,166,158,178,168,190,181,199,195,203,210,200,225,193,237,183,247,171,252,156,256,141,259,126,261,111,153,99,159,91,169,87,180,87,190,90,209,91,221,88,232,88,243,93,249,101,200,102,199,111,199,120,199,129,187,137,192,139,198,141,204,139,209,138,165,105,171,104,178,104,185,105,178,106,171,106,215,107,222,106,229,107,236,108,229,109,222,108,175,157,183,151,191,148,198,150,204,149,213,152,221,159,213,167,204,171,197,171,190,170,182,166,179,157,191,154,198,154,204,154,217,159,204,162,197,163,191,162,2,2,1,22,-1131.3729,0.0,0.0,0.0,0.0,0.0,0.0,0.0,0.0,0.0,0.0,0.0,0.0,0.0,0.0,0.0,0.0,0.0,0.0,0.0,-56.56864624023437
142,105,142,119,143,134,145,149,149,163,158,176,168,188,181,197,195,201,211,199,225,191,238,181,247,168,253,154,256,139,259,124,261,110,152,98,159,90,169,86,180,87,190,90,209,91,221,88,232,88,242,92,249,100,199,102,199,110,198,119,198,128,186,136,192,138,197,140,203,139,209,137,164,105,171,104,178,104,184,104,177,106,171,106,215,106,222,106,229,107,236,108,229,109,222,108,175,156,183,150,191,147,197,149,203,148,212,151,221,158,212,166,203,169,197,170,190,169,182,165,178,156,191,153,197,154,203,154,217,158,203,160,197,161,191,160,2,2,1,22,-1131.3729,0.0,0.0,0.0,0.0,0.0,0.0,0.0,0.0,0.0,0.0,0.0,0.0,0.0,0.0,0.0,0.0,0.0,0.0,0.0,-56.56864624023437
141,105,141,119,142,134,145,148,149,163,157,176,167,187,180,196,195,200,210,197,224,190,237,181,247,168,252,154,256,139,259,125,260,110,152,97,158,90,168,86,180,86,190,90,208,91,220,88,232,87,242,92,248,100,199,101,199,110,198,118,198,128,186,135,191,138,197,139,203,138,209,136,164,105,171,104,177,104,184,104,177,106,171,106,214,106,222,106,228,106,235,108,228,108,221,108,174,155,183,149,191,147,197,148,203,147,212,150,220,156,211,164,203,168,196,168,190,168,182,164,178,155,191,152,197,153,203,152,216,157,203,160,196,160,190,160,2,2,1,22,-1131.3729,0.0,0.0,0.0,0.0,0.0,0.0,0.0,0.0,0.0,0.0,0.0,0.0,0.0,0.0,0.0,0.0,0.0,0.0,0.0,-56.56864624023437
141,104,141,119,142,132,145,147,149,161,156,174,167,185,179,194,194,198,209,196,224,189,237,180,247,168,253,154,257,139,259,125,261,110,152,97,158,90,168,86,179,86,189,89,209,90,220,87,232,87,242,91,248,99,198,101,198,110,197,118,197,127,185,135,190,137,196,139,202,138,208,136,163,105,170,104,177,104,184,104,177,106,170,106,214,105,222,106,228,106,235,107,228,108,221,108,174,155,182,149,190,147,195,148,202,147,210,150,219,156,210,163,202,166,195,167,189,166,181,163,178,155,189,152,195,152,202,152,215,156,202,158,195,159,189,158,2,2,1,22,-1131.3729,0.0,0.0,0.0,0.0,0.0,0.0,0.0,0.0,0.0,0.0,0.0,0.0,0.0,0.0,0.0,0.0,0.0,0.0,0.0,-56.56864624023437
141,103,141,117,142,131,144,146,148,160,155,173,165,184,178,194,192,197,208,195,223,188,237,179,247,167,253,153,257,138,260,124,261,109,152,96,158,89,168,85,179,86,189,89,207,90,219,87,230,87,241,91,248,99,198,100,197,109,197,118,196,127,185,134,190,137,196,139,202,137,208,135,164,104,170,104,177,103,183,103,176,105,170,105,213,105,220,105,227,106,233,107,227,108,220,107,173,154,181,148,189,146,195,148,202,146,210,149,218,156,210,162,201,166,194,166,188,165,180,162,177,154,189,152,195,152,201,152,214,156,201,158,195,158,188,157,2,2,1,22,-1131.3729,0.0,0.0,0.0,0.0,0.0,0.0,0.0,0.0,0.0,0.0,0.0,0.0,0.0,0.0,0.0,0.0,0.0,0.0,0.0,-56.56864624023437
142,104,141,118,142,132,144,146,148,160,156,173,166,184,178,193,193,196,209,194,223,187,237,178,247,167,253,153,256,138,259,124,261,110,152,96,158,89,168,85,179,85,189,89,208,89,219,86,231,86,241,91,248,99,198,100,197,109,196,117,196,127,184,134,190,136,195,138,202,137,207,135,163,104,170,103,176,103,183,103,176,105,170,105,214,105,221,105,228,106,234,107,227,108,221,107,173,155,181,148,189,146,195,147,201,146,209,149,217,155,209,161,201,164,194,165,188,164,180,161,177,154,189,152,195,152,201,152,213,155,201,156,194,157,189,156,2,2,1,22,-1131.3729,0.0,0.0,0.0,0.0,0.0,0.0,0.0,0.0,0.0,0.0,0.0,0.0,0.0,0.0,0.0,0.0,0.0,0.0,0.0,-56.56864624023437
142,103,142,117,143,131,145,146,148,160,156,172,167,183,179,192,194,195,209,193,224,186,238,177,248,166,254,151,258,137,260,123,262,108,151,96,158,88,168,84,179,85,189,89,208,89,220,86,231,86,242,90,249,98,198,100,197,109,197,117,196,127,185,134,190,136,196,138,202,137,208,135,163,103,170,103,177,103,184,103,177,104,170,105,214,104,221,104,228,105,235,106,228,107,221,106,174,154,182,148,190,145,195,147,201,146,209,149,218,155,209,161,201,164,194,165,188,164,181,161,178,154,190,151,195,152,201,152,214,155,201,156,195,156,189,155,2,2,1,22,-1131.3729,0.0,0.0,0.0,0.0,0.0,0.0,0.0,0.0,0.0,0.0,0.0,0.0,0.0,0.0,0.0,0.0,0.0,0.0,0.0,-56.56864624023437
142,104,142,118,143,132,145,146,149,160,156,173,167,184,179,193,193,196,209,194,224,187,238,178,248,167,254,153,257,138,260,124,261,110,152,96,158,88,168,85,179,85,189,88,208,89,220,86,231,86,242,91,248,98,198,100,198,109,197,117,197,127,185,134,190,136,196,138,203,137,208,135,164,103,170,103,177,102,184,103,177,104,170,105,215,104,222,104,229,105,235,106,228,107,222,106,174,155,181,148,189,145,195,147,202,146,210,149,218,155,210,161,201,164,195,165,188,164,181,161,178,154,189,152,195,152,202,152,214,155,201,156,195,156,189,156,2,2,1,22,-1131.3729,0.0,0.0,0.0,0.0,0.0,0.0,0.0,0.0,0.0,0.0,0.0,0.0,0.0,0.0,0.0,0.0,0.0,0.0,0.0,-56.56864624023437
142,103,142,117,143,131,145,145,149,159,157,172,167,183,179,193,194,196,209,194,224,187,237,178,248,167,253,153,257,139,260,125,262,110,153,96,159,88,169,84,179,85,190,88,209,89,220,86,232,86,242,91,249,99,199,100,198,109,198,117,197,127,185,134,191,136,197,138,203,137,209,135,164,103,171,102,177,102,184,103,177,104,171,104,215,104,222,104,229,105,235,106,228,107,222,106,175,154,182,149,191,146,196,147,202,146,210,150,218,155,210,162,202,165,195,166,189,165,181,162,178,154,190,152,196,153,202,153,214,155,202,156,196,157,190,156,2,2,1,22,-1131.3729,0.0,0.0,0.0,0.0,0.0,0.0,0.0,0.0,0.0,0.0,0.0,0.0,0.0,0.0,0.0,0.0,0.0,0.0,0.0,-56.56864624023437
143,103,142,117,144,131,146,146,150,160,157,173,167,184,180,194,195,197,210,195,224,188,238,179,248,168,253,154,257,139,260,125,262,111,153,96,159,88,169,84,180,85,190,89,209,89,220,86,232,86,243,91,249,99,199,100,198,109,198,118,197,127,186,134,191,137,197,139,203,137,208,135,165,103,171,101,178,101,184,103,178,104,171,104,215,104,222,103,229,104,235,106,228,107,222,106,175,156,182,150,190,147,196,148,202,147,210,150,217,156,210,163,202,166,195,167,189,167,182,163,179,156,190,154,195,154,201,154,213,156,201,157,196,158,190,157,2,2,1,22,-1131.3729,0.0,0.0,0.0,0.0,0.0,0.0,0.0,0.0,0.0,0.0,0.0,0.0,0.0,0.0,0.0,0.0,0.0,0.0,0.0,-56.56864624023437
143,104,143,118,144,132,146,146,150,160,157,173,168,184,180,194,194,197,210,195,224,188,237,179,248,168,254,154,257,140,260,125,262,111,153,97,159,89,169,85,180,85,190,88,209,89,220,86,232,87,242,91,249,99,199,100,198,109,198,118,197,127,186,135,191,137,197,139,203,137,209,135,165,102,172,100,178,100,185,102,178,103,171,103,215,104,222,102,228,102,235,105,228,106,221,105,175,156,183,151,191,148,196,149,202,148,210,151,217,157,210,164,202,167,195,168,189,167,182,163,179,156,190,155,196,155,202,155,213,157,202,158,196,158,190,158,2,2,1,22,-1131.3729,0.0,0.0,0.0,0.0,0.0,0.0,0.0,0.0,0.0,0.0,0.0,0.0,0.0,0.0,0.0,0.0,0.0,0.0,0.0,-56.56864624023437
143,105,142,119,144,133,147,147,151,161,158,173,168,185,180,194,195,198,210,195,224,189,238,179,248,168,253,154,257,139,260,125,261,111,153,97,159,89,169,85,179,85,190,88,209,89,220,87,232,87,242,91,249,100,199,100,198,109,198,118,197,127,186,135,191,137,197,139,203,138,209,136,165,102,171,99,178,99,184,102,177,103,171,103,215,104,222,101,229,102,235,105,228,106,222,105,176,157,183,151,191,148,196,149,202,148,210,151,217,157,210,164,202,167,195,168,190,167,182,163,180,157,191,155,196,156,202,155,214,157,202,158,196,159,190,158,2,2,1,22,-1131.3729,0.0,0.0,0.0,0.0,0.0,0.0,0.0,0.0,0.0,0.0,0.0,0.0,0.0,0.0,0.0,0.0,0.0,0.0,0.0,-56.56864624023437
143,105,143,119,144,133,147,147,151,160,157,173,167,184,179,193,193,197,208,195,223,188,237,180,247,169,253,155,257,140,260,126,261,111,153,97,159,89,169,85,180,85,190,89,209,90,220,87,231,87,242,91,248,99,199,100,198,109,198,118,197,127,186,135,191,137,197,139,203,138,209,136,165,102,171,98,178,98,184,102,178,103,171,103,215,104,222,101,229,101,235,105,228,106,222,105,176,157,183,151,190,148,195,150,201,149,209,152,217,158,209,164,201,167,195,168,189,167,182,163,179,157,190,155,195,156,201,155,213,158,201,158,195,159,190,158,2,2,1,22,-1131.3729,0.0,0.0,0.0,0.0,0.0,0.0,0.0,0.0,0.0,0.0,0.0,0.0,0.0,0.0,0.0,0.0,0.0,0.0,0.0,-56.56864624023437
143,104,143,118,144,132,146,146,150,160,156,173,166,185,179,194,193,198,208,197,223,190,237,181,247,169,253,156,257,141,259,127,261,113,153,97,159,89,169,85,179,85,190,88,209,90,220,87,232,87,242,92,248,100,198,100,198,109,197,118,197,128,186,135,191,137,196,139,202,138,208,136,165,102,171,98,178,99,184,103,177,103,171,103,215,104,222,101,229,102,235,105,228,106,221,105,176,157,183,151,190,148,196,150,201,149,209,152,216,158,209,165,201,168,195,168,189,167,182,164,179,157,190,156,195,156,201,156,212,158,201,159,195,159,190,158,2,2,1,22,-1131.3729,0.0,0.0,0.0,0.0,0.0,0.0,0.0,0.0,0.0,0.0,0.0,0.0,0.0,0.0,0.0,0.0,0.0,0.0,0.0,-56.56864624023437
142,105,142,120,144,133,146,147,150,161,157,174,167,186,179,195,193,199,208,197,223,191,237,181,247,170,253,156,257,142,260,128,262,113,153,97,159,89,169,85,179,86,190,89,209,90,220,88,231,87,241,92,248,100,199,100,198,109,197,118,197,128,186,135,191,138,197,140,202,138,208,136,165,102,171,99,178,99,184,103,177,103,171,103,215,104,222,101,228,101,234,105,228,106,222,106,176,157,183,151,191,148,196,150,201,149,209,152,217,159,209,165,201,169,195,169,189,168,182,164,179,157,191,156,196,156,201,156,213,159,201,159,195,160,190,159,2,2,1,22,-1131.3729,0.0,0.0,0.0,0.0,0.0,0.0,0.0,0.0,0.0,0.0,0.0,0.0,0.0,0.0,0.0,0.0,0.0,0.0,0.0,-56.56864624023437
142,106,142,120,144,133,146,147,150,161,157,174,167,186,179,195,193,199,208,197,223,190,236,181,246,170,252,156,256,142,259,128,261,113,153,97,159,90,168,86,179,86,189,89,209,91,220,88,231,88,242,92,248,100,198,101,198,110,197,119,196,128,186,136,191,138,196,140,202,139,208,137,164,103,171,99,178,99,184,103,177,104,170,104,214,105,221,101,229,102,235,106,228,107,221,106,175,158,182,152,190,149,195,150,201,149,209,152,217,159,209,166,201,170,195,170,189,169,182,165,179,158,190,156,195,156,201,156,213,159,201,161,195,161,190,160,2,2,1,22,-1131.3729,0.0,0.0,0.0,0.0,0.0,0.0,0.0,0.0,0.0,0.0,0.0,0.0,0.0,0.0,0.0,0.0,0.0,0.0,0.0,-56.56864624023437
142,106,142,121,144,134,146,148,150,162,157,175,167,186,179,196,193,200,208,198,223,191,236,182,246,170,252,157,256,142,259,128,261,113,152,98,159,90,168,86,179,87,189,90,208,91,220,88,231,88,242,93,248,101,198,102,197,111,197,119,196,129,185,136,190,139,196,141,202,139,207,137,164,103,171,99,178,100,184,104,177,104,170,104,215,105,221,102,228,102,234,106,228,107,221,106,175,158,182,151,190,149,195,150,201,149,210,152,218,159,210,167,201,170,195,171,189,170,181,165,178,158,190,155,195,155,201,155,214,159,201,162,195,162,190,161,2,2,1,22,-1131.3729,0.0,0.0,0.0,0.0,0.0,0.0,0.0,0.0,0.0,0.0,0.0,0.0,0.0,0.0,0.0,0.0,0.0,0.0,0.0,-56.56864624023437
141,106,141,120,143,134,145,149,149,163,157,175,167,187,179,197,194,200,209,198,224,191,237,182,246,170,252,156,256,142,258,127,260,113,152,98,158,91,168,87,179,87,189,90,208,92,220,89,231,89,241,93,248,101,198,102,198,111,197,120,196,130,185,137,190,139,196,141,202,140,208,138,164,103,171,100,177,100,184,104,177,105,170,105,214,106,221,102,228,103,234,107,228,108,221,107,174,157,182,152,190,149,196,151,202,150,211,153,219,159,211,167,202,171,196,171,189,170,181,165,178,158,190,155,196,156,202,155,216,159,202,163,196,163,190,162,2,2,1,22,-1131.3729,0.0,0.0,0.0,0.0,0.0,0.0,0.0,0.0,0.0,0.0,0.0,0.0,0.0,0.0,0.0,0.0,0.0,0.0,0.0,-56.56864624023437
142,106,142,121,143,135,146,149,149,163,157,176,167,187,179,197,194,201,209,199,223,192,236,183,246,171,252,157,255,142,258,128,260,113,152,99,158,91,168,87,179,88,189,92,208,93,219,90,231,89,242,94,248,102,198,103,197,112,196,121,196,130,185,137,190,140,195,142,202,140,207,138,164,104,170,100,177,101,183,105,177,105,170,105,214,107,220,103,227,103,234,107,227,108,220,108,174,157,181,152,189,150,195,151,202,150,211,153,219,159,211,167,202,171,195,171,189,170,181,166,177,158,189,155,195,155,202,155,216,159,202,163,196,164,189,163,2,2,1,22,-1131.3729,0.0,0.0,0.0,0.0,0.0,0.0,0.0,0.0,0.0,0.0,0.0,0.0,0.0,0.0,0.0,0.0,0.0,0.0,0.0,-56.56864624023437
142,107,142,121,143,135,146,149,150,163,157,176,167,188,179,198,193,202,208,200,223,193,236,184,246,172,252,158,255,143,258,128,260,113,152,99,158,91,168,88,178,88,188,92,208,93,220,90,231,90,241,94,248,102,197,103,197,112,196,121,195,131,185,138,190,140,195,142,201,141,207,139,164,104,170,101,177,101,183,105,177,106,170,106,214,107,221,103,228,103,234,107,228,109,221,108,173,157,181,152,189,150,195,152,202,150,211,153,220,159,211,168,202,172,195,172,188,171,180,166,177,157,189,155,195,155,202,155,216,159,202,164,195,165,189,163,2,2,1,22,-1131.3729,0.0,0.0,0.0,0.0,0.0,0.0,0.0,0.0,0.0,0.0,0.0,0.0,0.0,0.0,0.0,0.0,0.0,0.0,0.0,-56.56864624023437
141,108,141,122,143,136,145,150,149,164,156,176,167,188,178,198,193,202,208,200,222,193,235,184,245,172,251,158,255,143,258,129,260,114,152,99,158,92,168,88,178,89,188,92,208,93,219,90,231,90,241,94,248,102,197,103,197,113,196,122,195,131,185,138,190,141,195,143,201,141,207,139,163,104,170,101,177,101,183,106,176,106,169,106,214,107,220,103,227,104,233,108,227,109,220,108,173,157,181,152,189,150,195,152,202,151,211,153,220,159,211,168,202,172,195,172,188,171,180,166,176,157,189,155,195,156,202,156,216,159,202,164,195,165,189,163,2,2,1,22,-1131.3729,0.0,0.0,0.0,0.0,0.0,0.0,0.0,0.0,0.0,0.0,0.0,0.0,0.0,0.0,0.0,0.0,0.0,0.0,0.0,-56.56864624023437
141,107,141,122,142,136,145,150,149,164,157,177,167,188,178,198,193,202,208,200,222,192,235,183,245,172,251,158,255,143,258,128,260,113,151,99,158,92,167,88,177,89,187,92,208,93,219,90,231,90,241,95,247,103,197,103,196,113,196,122,195,131,184,138,189,141,195,143,201,141,207,139,163,105,169,101,176,101,182,106,176,106,169,106,213,107,220,104,227,104,233,108,227,109,220,109,173,157,180,152,189,150,195,152,201,151,211,154,219,159,210,168,201,172,194,172,187,171,179,166,176,157,188,155,195,155,201,155,216,159,201,164,194,165,188,164,2,2,1,22,-1131.3729,0.0,0.0,0.0,0.0,0.0,0.0,0.0,0.0,0.0,0.0,0.0,0.0,0.0,0.0,0.0,0.0,0.0,0.0,0.0,-56.56864624023437
141,107,141,122,142,135,145,150,149,164,156,176,167,188,178,198,193,201,208,199,222,192,235,183,245,171,251,157,255,142,258,128,259,113,151,99,157,92,167,88,177,89,187,92,208,93,219,91,230,90,241,95,247,103,197,103,196,113,196,122,195,131,184,138,189,140,195,142,201,141,206,139,163,104,169,101,176,101,182,105,176,106,169,106,213,107,220,103,227,104,233,108,227,109,220,109,173,156,180,152,189,150,195,151,201,150,211,153,219,159,210,168,201,172,194,172,187,171,179,166,176,157,189,155,195,155,201,155,216,159,201,164,194,164,188,163,2,2,1,22,-1131.3729,0.0,0.0,0.0,0.0,0.0,0.0,0.0,0.0,0.0,0.0,0.0,0.0,0.0,0.0,0.0,0.0,0.0,0.0,0.0,-56.56864624023437
141,107,141,121,142,135,145,149,149,163,156,176,166,187,178,197,193,201,208,199,222,192,236,183,246,171,252,157,255,143,258,128,260,113,151,99,157,92,167,88,177,89,187,92,208,94,219,90,230,90,241,94,248,102,197,103,196,112,195,121,194,131,184,138,189,140,194,142,200,140,206,139,163,105,169,101,176,101,182,105,176,106,169,106,214,107,220,103,227,104,233,108,227,109,220,108,172,156,179,151,188,149,194,151,200,150,210,153,219,158,210,168,200,171,193,171,187,170,179,165,176,157,187,155,194,155,200,155,215,159,200,163,194,164,187,162,2,2,1,22,-1131.3729,0.0,0.0,0.0,0.0,0.0,0.0,0.0,0.0,0.0,0.0,0.0,0.0,0.0,0.0,0.0,0.0,0.0,0.0,0.0,-56.56864624023437
141,108,141,122,142,136,145,150,149,164,157,177,167,188,179,197,193,201,208,199,222,192,235,183,246,171,252,157,255,143,258,128,260,113,150,99,157,92,166,88,177,88,187,92,208,93,219,90,230,90,241,94,247,102,197,103,196,112,196,121,195,131,184,137,189,140,195,142,201,140,207,139,163,105,169,101,176,101,182,105,175,106,168,106,213,107,220,103,227,104,233,108,227,109,220,108,173,156,180,151,189,149,195,151,202,150,211,153,219,158,211,167,201,171,194,171,187,170,179,165,176,156,188,154,195,155,201,155,216,158,201,163,195,164,188,162,2,2,1,22,-1131.3729,0.0,0.0,0.0,0.0,0.0,0.0,0.0,0.0,0.0,0.0,0.0,0.0,0.0,0.0,0.0,0.0,0.0,0.0,0.0,-56.56864624023437
140,107,141,121,142,135,144,150,148,163,156,176,167,187,179,197,194,201,208,198,223,191,236,182,246,170,252,156,256,142,258,127,260,112,151,100,157,92,167,88,177,88,188,92,207,93,219,90,230,90,241,94,248,102,197,103,197,112,196,121,195,131,184,138,189,140,195,142,201,140,207,139,163,104,169,101,176,101,183,105,176,106,169,106,213,107,220,103,227,103,233,107,227,108,220,108,173,156,180,151,189,149,195,151,202,150,211,153,219,158,211,167,201,171,194,171,188,170,179,165,176,157,189,154,195,155,202,155,216,159,201,163,195,164,188,162,2,2,1,22,-1131.3729,0.0,0.0,0.0,0.0,0.0,0.0,0.0,0.0,0.0,0.0,0.0,0.0,0.0,0.0,0.0,0.0,0.0,0.0,0.0,-56.56864624023437
140,107,140,121,142,135,144,149,148,163,156,176,167,187,179,197,193,201,208,199,222,192,236,183,246,171,251,157,255,142,258,128,260,113,151,99,157,92,167,88,177,88,187,92,208,93,219,90,230,90,241,94,247,102,197,103,197,112,196,121,195,131,185,138,190,140,195,142,201,141,207,139,163,105,169,101,176,101,182,105,176,106,169,106,213,107,220,103,227,104,233,108,227,109,220,108,173,156,180,151,189,149,195,151,202,150,211,153,220,158,211,167,201,171,194,171,187,170,179,165,176,157,189,154,195,155,202,155,216,159,202,163,195,163,188,162,2,2,1,22,-1131.3729,0.0,0.0,0.0,0.0,0.0,0.0,0.0,0.0,0.0,0.0,0.0,0.0,0.0,0.0,0.0,0.0,0.0,0.0,0.0,-56.56864624023437
140,107,141,121,142,135,145,149,149,163,156,176,167,187,179,197,193,201,208,199,222,192,236,183,246,171,252,157,255,143,258,128,260,113,151,99,157,92,167,88,177,89,187,92,208,93,219,90,230,90,241,94,247,102,197,103,196,112,196,121,195,131,184,138,189,140,195,142,201,140,207,139,163,105,169,101,176,101,183,105,176,106,169,106,213,107,220,103,227,104,234,108,227,109,220,108,172,156,180,151,188,149,194,151,201,150,210,153,219,158,210,167,201,171,194,171,187,170,179,165,176,156,188,154,194,155,201,155,216,159,201,163,194,164,188,162,2,2,1,22,-1131.3729,0.0,0.0,0.0,0.0,0.0,0.0,0.0,0.0,0.0,0.0,0.0,0.0,0.0,0.0,0.0,0.0,0.0,0.0,0.0,-56.56864624023437
140,107,141,121,142,135,144,150,149,163,156,176,167,187,179,197,193,200,208,198,223,191,236,182,246,170,251,157,255,142,258,128,259,113,151,100,157,92,167,88,177,88,187,91,207,93,219,90,230,90,241,94,247,103,197,103,196,112,196,121,195,131,184,138,189,140,195,142,201,140,207,139,163,104,169,101,176,101,183,105,176,106,169,106,213,107,220,103,227,104,234,108,227,109,220,108,172,156,180,151,189,149,195,151,202,150,211,153,220,158,211,167,201,171,194,171,187,170,179,165,176,156,188,154,195,155,202,155,216,158,202,163,195,164,188,162,2,2,1,22,-1131.3729,0.0,0.0,0.0,0.0,0.0,0.0,0.0,0.0,0.0,0.0,0.0,0.0,0.0,0.0,0.0,0.0,0.0,0.0,0.0,-56.56864624023437
140,107,140,122,142,135,144,150,148,164,156,176,167,187,179,197,193,201,208,199,222,192,235,183,245,171,251,157,255,142,258,128,260,113,150,99,157,92,167,88,177,89,187,92,207,93,219,90,230,90,240,94,247,102,197,103,196,112,196,121,195,131,184,138,189,140,195,142,201,140,207,139,163,105,169,101,176,101,182,105,176,106,169,106,213,107,220,103,227,104,233,107,227,109,220,108,172,156,180,151,189,149,195,151,202,150,211,153,220,157,211,167,202,170,195,171,188,170,179,165,176,156,189,154,195,155,202,155,216,158,202,162,195,163,188,162,2,2,1,22,-1131.3729,0.0,0.0,0.0,0.0,0.0,0.0,0.0,0.0,0.0,0.0,0.0,0.0,0.0,0.0,0.0,0.0,0.0,0.0,0.0,-56.56864624023437
140,107,140,121,142,135,144,150,148,164,156,176,167,187,179,197,193,201,208,199,222,192,235,183,246,171,251,157,254,142,257,128,259,113,151,99,157,92,167,88,177,88,187,91,207,93,219,90,230,90,240,94,247,102,197,103,197,112,196,121,195,131,184,138,190,140,195,142,201,140,207,139,163,105,169,101,176,102,182,105,175,106,169,106,213,107,220,103,227,104,233,107,227,108,220,108,172,156,181,151,189,149,195,151,202,150,211,153,220,158,211,166,201,170,195,170,188,169,180,165,176,156,189,154,195,155,202,155,216,158,202,162,195,163,188,162,2,2,1,22,-1131.3729,0.0,0.0,0.0,0.0,0.0,0.0,0.0,0.0,0.0,0.0,0.0,0.0,0.0,0.0,0.0,0.0,0.0,0.0,0.0,-56.56864624023437
140,107,140,121,142,135,144,150,149,164,156,176,167,187,179,196,193,200,208,198,222,191,235,182,246,170,252,156,255,142,258,127,260,112,150,99,157,92,166,88,177,88,188,91,207,93,219,90,230,90,241,94,247,102,197,103,196,112,196,121,195,130,184,137,189,140,195,142,201,140,207,138,163,104,169,101,176,101,183,105,176,106,169,106,213,107,220,103,227,104,233,107,227,108,220,108,172,155,180,151,189,149,195,151,202,150,211,153,220,157,211,166,201,170,194,170,188,169,179,164,176,156,189,154,195,155,202,154,216,158,201,162,195,163,188,161,2,2,1,22,-1131.3729,0.0,0.0,0.0,0.0,0.0,0.0,0.0,0.0,0.0,0.0,0.0,0.0,0.0,0.0,0.0,0.0,0.0,0.0,0.0,-56.56864624023437
140,107,140,121,142,135,144,149,148,163,156,175,167,186,179,196,194,200,208,198,222,191,236,182,246,170,251,156,255,141,258,127,260,112,150,100,157,92,167,88,178,88,188,92,207,93,218,90,230,90,241,94,248,103,197,102,197,112,196,121,195,131,184,137,189,140,195,142,201,140,207,138,163,104,170,101,176,101,183,105,176,106,169,106,213,107,220,103,227,103,233,107,227,108,220,108,172,155,180,151,189,149,195,150,202,149,211,152,220,157,211,166,201,170,194,170,188,169,180,164,176,156,189,154,195,155,202,154,216,157,201,162,195,162,189,161,2,2,1,22,-1131.3729,0.0,0.0,0.0,0.0,0.0,0.0,0.0,0.0,0.0,0.0,0.0,0.0,0.0,0.0,0.0,0.0,0.0,0.0,0.0,-56.56864624023437
140,108,140,122,142,136,144,151,149,164,157,177,167,187,179,197,194,200,208,198,222,191,235,182,245,171,251,157,255,142,258,128,260,113,150,99,157,92,166,88,177,88,187,91,208,93,219,90,231,90,241,94,247,102,197,102,197,112,196,121,195,130,184,137,190,140,195,142,201,140,207,138,163,104,169,101,176,101,183,105,176,106,169,106,213,107,220,103,227,104,233,107,227,108,220,108,172,155,180,151,189,149,195,151,202,150,211,152,220,157,211,166,202,170,194,170,188,169,180,164,176,156,189,154,195,155,202,155,216,158,202,162,195,162,189,161,2,2,1,22,-1131.3729,0.0,0.0,0.0,0.0,0.0,0.0,0.0,0.0,0.0,0.0,0.0,0.0,0.0,0.0,0.0,0.0,0.0,0.0,0.0,-56.56864624023437
139,107,140,122,142,136,144,150,148,164,156,176,167,187,179,197,193,200,207,199,222,192,235,183,245,171,251,157,255,142,257,128,259,113,150,99,157,92,167,88,177,88,187,91,208,93,219,90,230,90,241,94,247,102,197,103,197,112,196,121,195,131,184,138,190,140,195,142,201,140,207,139,163,104,170,101,176,101,183,105,176,106,169,106,213,107,220,103,227,104,233,107,227,108,220,108,172,155,180,151,189,149,195,151,202,150,211,152,220,157,211,166,201,170,194,170,188,169,180,164,176,156,189,154,195,155,202,155,216,158,201,162,195,162,189,161,2,2,1,22,-1131.3729,0.0,0.0,0.0,0.0,0.0,0.0,0.0,0.0,0.0,0.0,0.0,0.0,0.0,0.0,0.0,0.0,0.0,0.0,0.0,-56.56864624023437
140,108,140,122,142,136,144,150,149,164,157,176,167,187,179,197,194,200,208,198,223,191,236,183,246,171,251,158,255,143,258,128,259,113,150,99,157,91,167,88,177,88,188,91,208,92,219,89,230,89,241,94,247,102,197,103,197,112,196,121,195,131,185,137,190,140,195,142,202,140,207,139,163,105,169,101,176,102,183,105,176,106,169,106,213,107,220,103,227,104,234,107,227,108,220,108,172,156,181,151,189,149,195,151,202,150,211,152,220,157,211,166,202,170,195,170,188,169,180,164,176,156,189,154,195,155,202,155,216,158,202,162,195,162,189,161,2,2,1,22,-1131.3729,0.0,0.0,0.0,0.0,0.0,0.0,0.0,0.0,0.0,0.0,0.0,0.0,0.0,0.0,0.0,0.0,0.0,0.0,0.0,-56.56864624023437
140,107,140,121,141,135,144,150,148,163,156,176,167,187,179,196,193,200,208,198,222,192,235,183,246,171,252,157,255,142,258,127,260,112,151,99,157,92,167,88,178,88,188,91,208,93,219,90,231,90,241,94,248,102,198,103,197,112,196,121,196,131,185,137,190,140,195,142,201,140,207,139,164,105,170,103,177,104,183,105,176,106,170,106,214,107,221,105,227,106,234,108,227,109,220,108,173,155,181,151,190,149,196,151,203,150,211,152,220,157,211,166,202,170,195,170,188,169,180,164,176,156,189,154,196,155,202,155,216,158,202,162,195,162,189,161,2,2,1,22,-1131.3729,0.0,0.0,0.0,0.0,0.0,0.0,0.0,0.0,0.0,0.0,0.0,0.0,0.0,0.0,0.0,0.0,0.0,0.0,0.0,-56.56864624023437
140,105,141,120,142,134,144,149,148,163,157,176,167,187,179,197,194,201,209,199,223,191,236,182,246,170,252,156,256,141,258,126,260,112,151,98,158,91,168,88,178,88,188,91,208,92,219,90,231,90,241,94,248,102,198,103,197,112,197,121,196,131,184,137,190,140,196,142,202,140,208,138,163,106,170,105,177,105,183,106,176,107,170,108,213,108,221,107,227,108,234,109,227,111,220,110,172,155,181,151,189,149,196,151,203,150,212,152,220,157,212,166,202,170,195,171,188,169,180,165,176,156,189,154,195,155,202,155,217,157,202,162,195,163,189,162,2,2,1,22,-1131.3729,0.0,0.0,0.0,0.0,0.0,0.0,0.0,0.0,0.0,0.0,0.0,0.0,0.0,0.0,0.0,0.0,0.0,0.0,0.0,-56.56864624023437
141,105,141,120,142,134,144,148,148,163,156,176,167,187,179,197,194,201,209,199,223,191,236,182,247,170,253,155,256,140,258,126,260,111,151,99,158,92,168,88,178,88,189,91,209,93,220,90,231,90,241,95,248,102,198,103,198,112,197,121,196,131,185,137,190,140,196,142,202,140,208,139,163,106,170,106,177,106,184,106,176,108,170,108,214,108,221,108,228,109,235,109,228,111,221,110,172,155,180,151,189,149,196,151,203,150,212,153,221,157,212,167,202,170,195,171,188,170,179,165,176,156,189,154,195,155,202,155,217,158,202,162,195,163,189,162,2,2,1,22,-1131.3729,0.0,0.0,0.0,0.0,0.0,0.0,0.0,0.0,0.0,0.0,0.0,0.0,0.0,0.0,0.0,0.0,0.0,0.0,0.0,-56.56864624023437
140,105,140,119,141,133,144,148,148,162,156,175,166,187,179,197,193,201,209,199,223,191,236,182,247,170,253,155,256,140,258,126,260,111,151,99,158,92,167,88,178,88,188,91,209,93,220,90,231,90,241,95,248,103,198,103,197,112,197,121,196,131,184,138,190,140,196,142,202,141,208,139,163,106,170,106,177,106,183,106,176,108,170,108,213,108,221,108,227,109,234,110,227,111,220,110,172,155,181,151,190,149,196,151,203,150,212,152,221,157,212,166,202,170,195,171,188,170,179,165,176,155,189,154,196,154,203,154,217,157,202,162,195,163,189,162,2,2,1,22,-1131.3729,0.0,0.0,0.0,0.0,0.0,0.0,0.0,0.0,0.0,0.0,0.0,0.0,0.0,0.0,0.0,0.0,0.0,0.0,0.0,-56.56864624023437
141,105,141,119,142,134,144,148,148,163,156,176,167,187,179,197,194,201,209,199,223,191,236,182,247,170,252,156,256,141,258,126,260,112,151,98,158,91,168,88,178,88,189,92,209,93,220,90,231,90,242,95,248,103,198,103,197,112,197,121,196,131,185,138,190,140,196,142,202,140,208,139,163,106,170,106,176,106,183,106,176,108,170,108,214,108,221,108,228,109,235,110,228,111,221,110,172,155,181,151,190,149,196,151,203,150,212,153,221,157,212,166,202,170,195,171,188,170,179,164,176,155,189,154,196,155,203,155,218,157,202,162,195,163,189,162,2,2,1,22,-1131.3729,0.0,0.0,0.0,0.0,0.0,0.0,0.0,0.0,0.0,0.0,0.0,0.0,0.0,0.0,0.0,0.0,0.0,0.0,0.0,-56.56864624023437
141,105,141,119,142,134,144,148,148,162,156,175,166,187,179,197,194,201,209,199,223,192,236,182,246,170,252,156,256,141,258,126,260,111,151,99,158,91,168,88,178,88,189,91,208,93,219,90,231,90,241,95,248,103,198,103,197,112,197,121,196,131,185,137,190,140,196,142,202,140,208,139,164,106,170,106,177,106,184,106,177,108,170,108,213,108,221,108,227,109,234,109,227,111,220,110,172,154,181,151,190,149,196,151,203,150,212,152,221,156,212,166,202,170,195,170,188,169,180,164,176,155,189,154,196,154,203,154,217,157,202,162,195,163,189,161,2,2,1,22,-1131.3729,0.0,0.0,0.0,0.0,0.0,0.0,0.0,0.0,0.0,0.0,0.0,0.0,0.0,0.0,0.0,0.0,0.0,0.0,0.0,-56.56864624023437
140,105,140,119,141,134,144,148,149,163,157,176,167,187,179,197,194,201,209,199,223,191,236,182,247,170,252,155,256,140,258,126,260,111,151,98,157,91,168,88,179,88,189,92,207,93,219,90,230,90,241,94,248,102,198,103,198,112,197,121,196,131,185,138,190,140,196,142,202,140,208,139,163,106,170,106,177,105,184,106,177,108,170,108,213,108,220,108,227,109,234,109,227,111,220,110,173,154,181,151,190,149,196,151,203,150,212,152,221,156,212,166,202,170,195,170,189,169,180,164,176,155,190,154,196,155,202,155,217,157,202,162,196,162,189,161,2,2,1,22,-1131.3729,0.0,0.0,0.0,0.0,0.0,0.0,0.0,0.0,0.0,0.0,0.0,0.0,0.0,0.0,0.0,0.0,0.0,0.0,0.0,-56.56864624023437
140,105,140,120,141,134,144,148,148,163,157,176,167,187,179,197,194,201,209,199,224,192,237,182,247,170,253,156,256,140,259,126,260,111,151,98,158,91,168,87,178,88,188,92,208,93,220,90,231,90,241,94,248,102,198,103,198,112,197,121,196,131,185,137,190,140,196,142,202,140,208,139,163,106,170,105,176,105,183,106,176,107,170,107,213,108,221,108,227,109,234,110,227,110,220,110,173,154,181,151,190,149,196,151,203,150,212,152,221,157,212,166,202,170,195,170,188,169,180,164,176,155,189,154,196,154,203,154,218,157,203,162,195,162,189,161,2,2,1,22,-1131.3729,0.0,0.0,0.0,0.0,0.0,0.0,0.0,0.0,0.0,0.0,0.0,0.0,0.0,0.0,0.0,0.0,0.0,0.0,0.0,-56.56864624023437
140,106,140,120,142,134,144,149,148,163,157,176,168,187,180,197,195,201,210,199,223,191,236,182,247,170,253,155,256,140,259,126,260,111,151,98,158,91,167,88,178,88,188,91,208,92,220,90,231,90,241,94,248,102,198,103,198,112,197,121,196,130,185,137,190,140,196,142,202,140,208,139,163,106,170,105,177,105,184,106,177,107,170,108,213,108,221,108,228,109,234,109,227,111,220,110,172,154,181,150,190,149,196,150,203,149,212,152,221,156,212,166,202,170,195,170,188,169,180,164,176,155,190,153,196,154,203,154,217,157,202,162,195,162,189,161,2,2,1,22,-1131.3729,0.0,0.0,0.0,0.0,0.0,0.0,0.0,0.0,0.0,0.0,0.0,0.0,0.0,0.0,0.0,0.0,0.0,0.0,0.0,-56.56864624023437
140,105,140,120,142,134,144,149,148,163,156,176,167,187,179,197,194,201,209,199,223,192,236,182,246,170,252,156,256,141,258,126,260,111,151,98,157,91,167,87,178,88,188,91,208,93,219,90,231,90,241,94,248,102,198,103,198,112,197,121,196,130,185,137,190,140,196,142,202,140,208,139,163,106,170,105,176,105,183,106,176,107,169,108,213,108,221,107,228,108,234,109,227,110,221,110,172,154,181,150,190,149,196,150,203,149,212,152,221,156,212,166,202,170,195,170,188,169,180,164,176,155,190,153,196,154,202,154,217,157,202,162,195,162,189,161,2,2,1,22,-1131.3729,0.0,0.0,0.0,0.0,0.0,0.0,0.0,0.0,0.0,0.0,0.0,0.0,0.0,0.0,0.0,0.0,0.0,0.0,0.0,-56.56864624023437
141,105,141,119,142,133,144,148,148,162,156,175,167,186,180,196,194,200,209,198,223,191,236,182,247,169,253,155,256,140,259,125,260,110,151,98,158,91,167,87,178,88,188,91,208,92,220,90,231,90,242,94,248,102,198,103,197,112,197,121,196,130,185,137,190,139,196,141,202,140,208,138,163,105,170,105,176,105,183,106,176,107,169,107,214,107,221,107,228,108,235,109,228,110,221,109,173,154,181,150,190,149,196,150,202,149,212,152,221,156,211,165,202,169,195,170,188,169,180,164,176,155,190,153,196,154,202,154,217,157,202,161,195,162,189,161,2,2,1,22,-1131.3729,0.0,0.0,0.0,0.0,0.0,0.0,0.0,0.0,0.0,0.0,0.0,0.0,0.0,0.0,0.0,0.0,0.0,0.0,0.0,-56.56864624023437
140,106,140,120,141,134,144,149,148,163,156,176,167,187,179,197,194,201,208,199,223,191,236,182,247,170,252,156,256,141,258,127,260,112,151,98,157,91,167,88,177,88,188,91,208,92,219,90,231,90,241,94,248,102,198,102,197,112,196,121,195,131,185,137,190,139,195,142,201,140,207,138,163,105,170,103,176,104,183,105,176,106,170,106,214,107,221,106,228,107,234,109,227,109,221,109,172,154,181,150,190,149,196,150,202,149,211,152,220,156,211,166,202,169,195,170,188,169,180,164,176,155,189,154,196,154,202,154,217,157,202,161,195,162,189,161,2,2,1,22,-1131.3729,0.0,0.0,0.0,0.0,0.0,0.0,0.0,0.0,0.0,0.0,0.0,0.0,0.0,0.0,0.0,0.0,0.0,0.0,0.0,-56.56864624023437
140,107,140,121,142,135,144,150,148,164,157,176,167,187,180,197,194,200,208,198,222,191,236,182,246,171,252,157,255,142,258,128,260,113,151,98,157,91,167,87,177,88,188,91,208,92,219,90,231,90,241,94,248,102,198,102,197,112,196,121,195,130,185,137,190,139,195,141,201,140,207,138,163,105,170,102,177,102,183,105,176,106,170,106,214,107,221,105,227,105,234,108,227,109,220,108,172,154,181,150,190,148,196,150,202,149,211,152,221,156,211,165,202,169,195,170,188,168,180,164,176,155,190,153,196,154,202,153,217,157,202,161,195,162,189,161,2,2,1,22,-1131.3729,0.0,0.0,0.0,0.0,0.0,0.0,0.0,0.0,0.0,0.0,0.0,0.0,0.0,0.0,0.0,0.0,0.0,0.0,0.0,-56.56864624023437
140,108,140,122,142,136,144,150,148,164,157,176,167,187,180,197,194,201,208,199,223,192,236,183,246,171,252,157,255,142,258,128,260,114,150,99,157,91,167,88,177,88,188,91,208,92,219,89,231,89,241,94,248,102,198,102,197,112,196,121,196,130,185,137,190,139,195,141,201,140,207,138,163,105,169,101,176,101,183,105,176,106,169,106,214,107,220,103,227,104,234,107,227,108,221,108,172,154,181,150,190,148,195,150,202,149,211,152,220,156,211,165,201,169,195,169,188,168,180,164,176,155,189,153,195,154,202,154,217,157,201,161,195,162,189,161,2,2,1,22,-1131.3729,0.0,0.0,0.0,0.0,0.0,0.0,0.0,0.0,0.0,0.0,0.0,0.0,0.0,0.0,0.0,0.0,0.0,0.0,0.0,-56.56864624023437
140,108,140,122,142,136,144,150,148,164,156,176,167,187,179,196,193,200,208,199,222,192,235,183,246,171,251,157,255,142,258,128,260,114,150,99,157,91,167,87,177,88,188,91,208,92,220,89,231,89,242,94,248,102,198,103,197,112,196,121,196,130,184,137,190,139,195,141,202,140,207,138,163,104,170,101,177,101,183,105,176,106,169,106,213,106,220,103,227,103,234,107,227,108,220,108,172,154,181,150,190,149,196,150,202,149,211,152,220,156,211,165,201,169,195,170,188,168,180,164,176,155,190,153,195,154,202,154,216,157,202,161,195,162,189,161,2,2,1,22,-1131.3729,0.0,0.0,0.0,0.0,0.0,0.0,0.0,0.0,0.0,0.0,0.0,0.0,0.0,0.0,0.0,0.0,0.0,0.0,0.0,-56.56864624023437
